[228月2026 17:47:56.110] [main/INFO] [cpw.mods.modlauncher.Launcher/MODLAUNCHER]: ModLauncher running: args [--launchTarget, forgeserverdev, --gameDir, ., --fml.fmlVersion, 4.0.42, --fml.mcVersion, 1.21.1, --fml.neoForgeVersion, 21.1.233, --fml.neoFormVersion, 20240808.144430, --nogui]
[228月2026 17:47:56.115] [main/INFO] [cpw.mods.modlauncher.Launcher/MODLAUNCHER]: JVM identified as Azul Systems, Inc. OpenJDK 64-Bit Server VM 21.0.11+10-LTS
[228月2026 17:47:56.118] [main/INFO] [cpw.mods.modlauncher.Launcher/MODLAUNCHER]: ModLauncher 11.0.5+main.901c6ea8 starting: java version 21.0.11 by Azul Systems, Inc.; OS Windows 11 arch amd64 version 10.0
[228月2026 17:47:56.151] [main/DEBUG] [cpw.mods.modlauncher.LaunchServiceHandler/MODLAUNCHER]: Found launch services [minecraft,forgeclient,forgedatauserdev,testharness,forgeserverdev,forgeserveruserdev,forgejunitdev,forgeclientdev,forgeclientuserdev,forgeserver,forgejunituserdev,forgedatadev]
[228月2026 17:47:56.180] [main/DEBUG] [cpw.mods.modlauncher.LaunchPluginHandler/MODLAUNCHER]: Found launch plugins: [mixin,slf4jfixer,runtime_enum_extender,accesstransformer,runtimedistcleaner]
[228月2026 17:47:56.193] [main/DEBUG] [cpw.mods.modlauncher.TransformationServicesHandler/MODLAUNCHER]: Discovering transformation services
[228月2026 17:47:56.201] [main/DEBUG] [net.neoforged.fml.loading.FMLPaths/CORE]: Path GAMEDIR is D:\Develop\idea_project\RestraintDungeon\run
[228月2026 17:47:56.202] [main/DEBUG] [net.neoforged.fml.loading.FMLPaths/CORE]: Path MODSDIR is D:\Develop\idea_project\RestraintDungeon\run\mods
[228月2026 17:47:56.202] [main/DEBUG] [net.neoforged.fml.loading.FMLPaths/CORE]: Path CONFIGDIR is D:\Develop\idea_project\RestraintDungeon\run\config
[228月2026 17:47:56.203] [main/DEBUG] [net.neoforged.fml.loading.FMLPaths/CORE]: Path FMLCONFIG is D:\Develop\idea_project\RestraintDungeon\run\config\fml.toml
[228月2026 17:47:56.267] [main/DEBUG] [net.neoforged.fml.loading.targets.CommonLaunchHandler/CORE]: Got mod coordinates restraint_dungeon%%D:\Develop\idea_project\RestraintDungeon\build\classes\java\main;restraint_dungeon%%D:\Develop\idea_project\RestraintDungeon\build\resources\main from env
[228月2026 17:47:56.270] [main/DEBUG] [net.neoforged.fml.loading.targets.CommonLaunchHandler/CORE]: Found supplied mod coordinates [{restraint_dungeon=[D:\Develop\idea_project\RestraintDungeon\build\classes\java\main, D:\Develop\idea_project\RestraintDungeon\build\resources\main]}]
[228月2026 17:47:56.275] [main/DEBUG] [cpw.mods.modlauncher.TransformationServicesHandler/MODLAUNCHER]: Found additional transformation services from discovery services: 
[228月2026 17:47:56.288] [main/INFO] [net.neoforged.fml.loading.ImmediateWindowHandler/]: ImmediateWindowProvider not loading because launch target is forgeserverdev
[228月2026 17:47:56.303] [main/DEBUG] [cpw.mods.modlauncher.TransformationServicesHandler/MODLAUNCHER]: Found transformer services : [mixin,fml]
[228月2026 17:47:56.303] [main/DEBUG] [cpw.mods.modlauncher.TransformationServicesHandler/MODLAUNCHER]: Transformation services loading
[228月2026 17:47:56.304] [main/DEBUG] [cpw.mods.modlauncher.TransformationServiceDecorator/MODLAUNCHER]: Loading service mixin
[228月2026 17:47:56.304] [main/DEBUG] [cpw.mods.modlauncher.TransformationServiceDecorator/MODLAUNCHER]: Loaded service mixin
[228月2026 17:47:56.304] [main/DEBUG] [cpw.mods.modlauncher.TransformationServiceDecorator/MODLAUNCHER]: Loading service fml
[228月2026 17:47:56.305] [main/DEBUG] [net.neoforged.fml.loading.FMLLoader/CORE]: FML 4.0.42 loading
[228月2026 17:47:56.306] [main/DEBUG] [net.neoforged.fml.loading.FMLLoader/CORE]: FML found ModLauncher version : 11.0.5+main.901c6ea8
[228月2026 17:47:56.306] [main/DEBUG] [net.neoforged.fml.loading.FMLLoader/CORE]: FML found AccessTransformer version : 10.0.1+139da711
[228月2026 17:47:56.306] [main/DEBUG] [net.neoforged.fml.loading.FMLLoader/CORE]: FML found EventBus version : null
[228月2026 17:47:56.307] [main/DEBUG] [net.neoforged.fml.loading.FMLLoader/CORE]: Found Runtime Dist Cleaner
[228月2026 17:47:56.307] [main/DEBUG] [cpw.mods.modlauncher.TransformationServiceDecorator/MODLAUNCHER]: Loaded service fml
[228月2026 17:47:56.310] [main/DEBUG] [cpw.mods.modlauncher.TransformationServicesHandler/MODLAUNCHER]: Configuring option handling for services
[228月2026 17:47:56.334] [main/DEBUG] [net.neoforged.fml.loading.FMLServiceProvider/CORE]: Received command line version data  : VersionInfo[neoForgeVersion=21.1.233, fmlVersion=4.0.42, mcVersion=1.21.1, neoFormVersion=20240808.144430]
[228月2026 17:47:56.336] [main/DEBUG] [cpw.mods.modlauncher.TransformationServicesHandler/MODLAUNCHER]: Transformation services initializing
[228月2026 17:47:56.336] [main/DEBUG] [cpw.mods.modlauncher.TransformationServiceDecorator/MODLAUNCHER]: Initializing transformation service mixin
[228月2026 17:47:56.358] [main/DEBUG] [mixin/]: MixinService [ModLauncher] was successfully booted in cpw.mods.cl.ModuleClassLoader@59e5ddf
[228月2026 17:47:56.385] [main/INFO] [mixin/]: SpongePowered MIXIN Subsystem Version=0.8.7 Source=union:/D:/Develop/gradle/repository/caches/modules-2/files-2.1/net.fabricmc/sponge-mixin/0.15.2+mixin.0.8.7/2af2f021d8e02a0220dc27a7a72b4666d66d44ca/sponge-mixin-0.15.2+mixin.0.8.7.jar%2394!/ Service=ModLauncher Env=SERVER
[228月2026 17:47:56.390] [main/DEBUG] [mixin/]: Initialising Mixin Platform Manager
[228月2026 17:47:56.390] [main/DEBUG] [mixin/]: Adding mixin platform agents for container ModLauncher Root Container(ModLauncher:4f56a0a2)
[228月2026 17:47:56.391] [main/DEBUG] [mixin/]: Instancing new MixinPlatformAgentMinecraftForge for ModLauncher Root Container(ModLauncher:4f56a0a2)
[228月2026 17:47:56.392] [main/DEBUG] [mixin/]: MixinPlatformAgentMinecraftForge rejected container ModLauncher Root Container(ModLauncher:4f56a0a2)
[228月2026 17:47:56.393] [main/DEBUG] [mixin/]: Instancing new MixinPlatformAgentDefault for ModLauncher Root Container(ModLauncher:4f56a0a2)
[228月2026 17:47:56.393] [main/DEBUG] [mixin/]: MixinPlatformAgentDefault accepted container ModLauncher Root Container(ModLauncher:4f56a0a2)
[228月2026 17:47:56.397] [main/DEBUG] [cpw.mods.modlauncher.TransformationServiceDecorator/MODLAUNCHER]: Initialized transformation service mixin
[228月2026 17:47:56.398] [main/DEBUG] [cpw.mods.modlauncher.TransformationServiceDecorator/MODLAUNCHER]: Initializing transformation service fml
[228月2026 17:47:56.398] [main/DEBUG] [net.neoforged.fml.loading.FMLServiceProvider/CORE]: Setting up basic FML game directories
[228月2026 17:47:56.399] [main/DEBUG] [net.neoforged.fml.loading.FMLPaths/CORE]: Path GAMEDIR is D:\Develop\idea_project\RestraintDungeon\run
[228月2026 17:47:56.400] [main/DEBUG] [net.neoforged.fml.loading.FMLPaths/CORE]: Path MODSDIR is D:\Develop\idea_project\RestraintDungeon\run\mods
[228月2026 17:47:56.400] [main/DEBUG] [net.neoforged.fml.loading.FMLPaths/CORE]: Path CONFIGDIR is D:\Develop\idea_project\RestraintDungeon\run\config
[228月2026 17:47:56.401] [main/DEBUG] [net.neoforged.fml.loading.FMLPaths/CORE]: Path FMLCONFIG is D:\Develop\idea_project\RestraintDungeon\run\config\fml.toml
[228月2026 17:47:56.401] [main/DEBUG] [net.neoforged.fml.loading.FMLServiceProvider/CORE]: Loading configuration
[228月2026 17:47:56.407] [main/DEBUG] [net.neoforged.fml.loading.FMLServiceProvider/CORE]: Preparing launch handler
[228月2026 17:47:56.407] [main/DEBUG] [net.neoforged.fml.loading.FMLLoader/CORE]: Using forgeserverdev as launch service
[228月2026 17:47:56.412] [main/DEBUG] [cpw.mods.modlauncher.TransformationServiceDecorator/MODLAUNCHER]: Initialized transformation service fml
[228月2026 17:47:56.412] [main/DEBUG] [cpw.mods.modlauncher.TransformationServicesHandler/MODLAUNCHER]: Transformation services begin scanning
[228月2026 17:47:56.413] [main/DEBUG] [cpw.mods.modlauncher.TransformationServiceDecorator/MODLAUNCHER]: Beginning scan trigger - transformation service mixin
[228月2026 17:47:56.414] [main/DEBUG] [cpw.mods.modlauncher.TransformationServiceDecorator/MODLAUNCHER]: End scan trigger - transformation service mixin
[228月2026 17:47:56.414] [main/DEBUG] [cpw.mods.modlauncher.TransformationServiceDecorator/MODLAUNCHER]: Beginning scan trigger - transformation service fml
[228月2026 17:47:56.414] [main/DEBUG] [net.neoforged.fml.loading.FMLServiceProvider/CORE]: Initiating mod scan
[228月2026 17:47:56.415] [main/DEBUG] [net.neoforged.fml.loading.targets.CommonLaunchHandler/CORE]: Got mod coordinates restraint_dungeon%%D:\Develop\idea_project\RestraintDungeon\build\classes\java\main;restraint_dungeon%%D:\Develop\idea_project\RestraintDungeon\build\resources\main from env
[228月2026 17:47:56.416] [main/DEBUG] [net.neoforged.fml.loading.targets.CommonLaunchHandler/CORE]: Found supplied mod coordinates [{restraint_dungeon=[D:\Develop\idea_project\RestraintDungeon\build\classes\java\main, D:\Develop\idea_project\RestraintDungeon\build\resources\main]}]
[228月2026 17:47:56.418] [main/DEBUG] [net.neoforged.fml.loading.targets.CommonDevLaunchHandler/]: Launching with NeoForge from D:\Develop\idea_project\RestraintDungeon\build\moddev\artifacts\neoforge-21.1.233.jar
[228月2026 17:47:56.446] [main/DEBUG] [net.neoforged.fml.util.ServiceLoaderUtil/CORE]: Found 4 implementations of IModFileCandidateLocator:
[228月2026 17:47:56.447] [main/DEBUG] [net.neoforged.fml.util.ServiceLoaderUtil/CORE]: 	       0 - [built-in] net.neoforged.fml.loading.moddiscovery.locators.NeoForgeDevProvider from loader-4.0.42.jar
[228月2026 17:47:56.448] [main/DEBUG] [net.neoforged.fml.util.ServiceLoaderUtil/CORE]: 	       0 - net.neoforged.fml.loading.moddiscovery.locators.ModsFolderLocator from loader-4.0.42.jar
[228月2026 17:47:56.448] [main/DEBUG] [net.neoforged.fml.util.ServiceLoaderUtil/CORE]: 	       0 - net.neoforged.fml.loading.moddiscovery.locators.MavenDirectoryLocator from loader-4.0.42.jar
[228月2026 17:47:56.449] [main/DEBUG] [net.neoforged.fml.util.ServiceLoaderUtil/CORE]: 	   -1000 - [built-in] net.neoforged.fml.loading.moddiscovery.locators.UserdevLocator from loader-4.0.42.jar
[228月2026 17:47:56.452] [main/DEBUG] [net.neoforged.fml.util.ServiceLoaderUtil/CORE]: Found 2 implementations of IModFileReader:
[228月2026 17:47:56.452] [main/DEBUG] [net.neoforged.fml.util.ServiceLoaderUtil/CORE]: 	       0 - net.neoforged.fml.loading.moddiscovery.readers.JarModsDotTomlModFileReader from loader-4.0.42.jar
[228月2026 17:47:56.453] [main/DEBUG] [net.neoforged.fml.util.ServiceLoaderUtil/CORE]: 	   -1000 - net.neoforged.fml.loading.moddiscovery.readers.NestedLibraryModReader from loader-4.0.42.jar
[228月2026 17:47:56.456] [main/DEBUG] [net.neoforged.fml.util.ServiceLoaderUtil/CORE]: Found 1 implementations of IDependencyLocator:
[228月2026 17:47:56.456] [main/DEBUG] [net.neoforged.fml.util.ServiceLoaderUtil/CORE]: 	       0 - net.neoforged.fml.loading.moddiscovery.locators.JarInJarDependencyLocator from loader-4.0.42.jar
[228月2026 17:47:56.526] [main/DEBUG] [net.neoforged.fml.loading.moddiscovery.ModFileInfo/LOADING]: Found valid mod file neoforge-21.1.233.jar with {minecraft} mods - versions {1.21.1}
[228月2026 17:47:56.535] [main/DEBUG] [net.neoforged.fml.loading.moddiscovery.ModFileParser/LOADING]: Considering mod file candidate D:\Develop\idea_project\RestraintDungeon\build\moddev\artifacts\neoforge-21.1.233.jar
[228月2026 17:47:56.559] [main/DEBUG] [net.neoforged.fml.loading.moddiscovery.ModFileInfo/LOADING]: Found valid mod file neoforge-21.1.233.jar with {neoforge} mods - versions {21.1.233}
[228月2026 17:47:56.564] [main/DEBUG] [net.neoforged.fml.loading.moddiscovery.ModListHandler/CORE]: Found mod coordinates from lists: []
[228月2026 17:47:56.568] [main/DEBUG] [net.neoforged.fml.loading.moddiscovery.ModFileParser/LOADING]: Considering mod file candidate D:\Develop\idea_project\RestraintDungeon\build\classes\java\main
[228月2026 17:47:56.580] [main/DEBUG] [net.neoforged.fml.loading.moddiscovery.ModFileInfo/LOADING]: Found valid mod file main with {restraint_dungeon} mods - versions {0.0.4}
[228月2026 17:47:56.599] [main/DEBUG] [net.neoforged.fml.loading.moddiscovery.ModFileParser/LOADING]: Considering mod file candidate D:\Develop\idea_project\RestraintDungeon\build\moddev\artifacts\neoforge-21.1.233.jar
[228月2026 17:47:56.602] [main/DEBUG] [net.neoforged.fml.loading.moddiscovery.ModFileInfo/LOADING]: Found valid mod file neoforge-21.1.233.jar with {neoforge} mods - versions {21.1.233}
[228月2026 17:47:56.605] [main/DEBUG] [net.neoforged.fml.loading.moddiscovery.ModFileParser/LOADING]: Considering mod file candidate D:\Develop\gradle\repository\caches\modules-2\files-2.1\software.bernie.geckolib\geckolib-neoforge-1.21.1\4.8.4\eb854c8ec53ef922a5f3877a1aa4c1ce1352e0ce\geckolib-neoforge-1.21.1-4.8.4.jar
[228月2026 17:47:56.609] [main/DEBUG] [net.neoforged.fml.loading.moddiscovery.ModFileInfo/LOADING]: Found valid mod file geckolib-neoforge-1.21.1-4.8.4.jar with {geckolib} mods - versions {4.8.4}
[228月2026 17:47:56.613] [main/DEBUG] [net.neoforged.fml.loading.moddiscovery.ModFileParser/LOADING]: Considering mod file candidate D:\Develop\gradle\repository\caches\modules-2\files-2.1\dev.kosmx.player-anim\player-animation-lib-forge\2.0.4+1.21.1\5be8ddcc78532b9a5520c718edc6c971cd0057c\player-animation-lib-forge-2.0.4+1.21.1.jar
[228月2026 17:47:56.616] [main/DEBUG] [net.neoforged.fml.loading.moddiscovery.ModFileInfo/LOADING]: Found valid mod file player-animation-lib-forge-2.0.4+1.21.1.jar with {playeranimator} mods - versions {2.0.4+1.21.1}
[228月2026 17:47:56.620] [main/DEBUG] [net.neoforged.fml.loading.moddiscovery.ModFileParser/LOADING]: Considering mod file candidate D:\Develop\gradle\repository\caches\modules-2\files-2.1\maven.modrinth\jade\15.10.5+neoforge\d5bf134b3dbde9f5258666823900e21341dc0a50\jade-15.10.5+neoforge.jar
[228月2026 17:47:56.634] [main/DEBUG] [net.neoforged.fml.loading.moddiscovery.ModFileInfo/LOADING]: Found valid mod file jade-15.10.5+neoforge.jar with {jade} mods - versions {15.10.5+neoforge}
[228月2026 17:47:56.637] [main/DEBUG] [net.neoforged.fml.loading.moddiscovery.ModFileParser/LOADING]: Considering mod file candidate D:\Develop\gradle\repository\caches\modules-2\files-2.1\io.github.kosmx.bendy-lib\bendy-lib-forge\5.1\9ab7cdb6fb21fd812d267558a888c791fb07b848\bendy-lib-forge-5.1.jar
[228月2026 17:47:56.639] [main/DEBUG] [net.neoforged.fml.loading.moddiscovery.ModFileInfo/LOADING]: Found valid mod file bendy-lib-forge-5.1.jar with {bendylib} mods - versions {5.1}
[228月2026 17:47:56.666] [main/DEBUG] [net.neoforged.fml.loading.moddiscovery.ModDiscoverer/]: Skipping D:\Develop\gradle\repository\caches\modules-2\files-2.1\net.neoforged.fancymodloader\earlydisplay\4.0.42\46555dbfff14e9e052f1f693aed14d542a74e111\earlydisplay-4.0.42.jar because it was already located earlier
[228月2026 17:47:56.666] [main/DEBUG] [net.neoforged.fml.loading.moddiscovery.ModDiscoverer/]: Skipping D:\Develop\gradle\repository\caches\modules-2\files-2.1\net.neoforged.fancymodloader\loader\4.0.42\76e15f98bf676fb44b36c5e776f52a55581ec43a\loader-4.0.42.jar because it was already located earlier
[228月2026 17:47:56.667] [main/DEBUG] [net.neoforged.fml.loading.moddiscovery.ModDiscoverer/]: Skipping D:\Develop\gradle\repository\caches\modules-2\files-2.1\net.neoforged.accesstransformers\at-modlauncher\10.0.1\5aba50202aceead086bc09fbc2751c9f05cb4890\at-modlauncher-10.0.1.jar because it was already located earlier
[228月2026 17:47:56.667] [main/DEBUG] [net.neoforged.fml.loading.moddiscovery.ModDiscoverer/]: Skipping D:\Develop\gradle\repository\caches\modules-2\files-2.1\net.neoforged\accesstransformers\10.0.1\fd83b5725f76eae9115e9355fa1c456a6a441400\accesstransformers-10.0.1.jar because it was already located earlier
[228月2026 17:47:56.667] [main/DEBUG] [net.neoforged.fml.loading.moddiscovery.ModDiscoverer/]: Skipping D:\Develop\gradle\repository\caches\modules-2\files-2.1\net.neoforged\bus\8.0.5\5b2d33285ab5d1554e9798ad98c40d6ea3868bd5\bus-8.0.5.jar because it was already located earlier
[228月2026 17:47:56.667] [main/DEBUG] [net.neoforged.fml.loading.moddiscovery.ModDiscoverer/]: Skipping D:\Develop\gradle\repository\caches\modules-2\files-2.1\net.neoforged\coremods\7.0.3\9147e6f638b4272b3bd5fc8f92ad37802512c6c\coremods-7.0.3.jar because it was already located earlier
[228月2026 17:47:56.668] [main/DEBUG] [net.neoforged.fml.loading.moddiscovery.ModDiscoverer/]: Skipping D:\Develop\gradle\repository\caches\modules-2\files-2.1\cpw.mods\modlauncher\11.0.5\b8f0d49294f733fdb6173931b263553e943dc950\modlauncher-11.0.5.jar because it was already located earlier
[228月2026 17:47:56.668] [main/DEBUG] [net.neoforged.fml.loading.moddiscovery.ModDiscoverer/]: Skipping D:\Develop\gradle\repository\caches\modules-2\files-2.1\net.neoforged\mergetool\2.0.0\52fe1949be64e3303aabaaa21e315f551db9c9f4\mergetool-2.0.0-api.jar because it was already located earlier
[228月2026 17:47:56.668] [main/DEBUG] [net.neoforged.fml.loading.moddiscovery.ModDiscoverer/]: Skipping D:\Develop\gradle\repository\caches\modules-2\files-2.1\com.electronwill.night-config\toml\3.8.3\90b2fd6efcb4a7d5b9810cf78f9d824994d717f2\toml-3.8.3.jar because it was already located earlier
[228月2026 17:47:56.668] [main/DEBUG] [net.neoforged.fml.loading.moddiscovery.ModDiscoverer/]: Skipping D:\Develop\gradle\repository\caches\modules-2\files-2.1\com.electronwill.night-config\core\3.8.3\b442a95f09e349927f5a945ecb594455870fcf4f\core-3.8.3.jar because it was already located earlier
[228月2026 17:47:56.669] [main/DEBUG] [net.neoforged.fml.loading.moddiscovery.ModDiscoverer/]: Skipping D:\Develop\gradle\repository\caches\modules-2\files-2.1\net.neoforged\JarJarSelector\0.4.1\fb3cc7a58af22ad2880adb98af6d518128c47dae\JarJarSelector-0.4.1.jar because it was already located earlier
[228月2026 17:47:56.669] [main/DEBUG] [net.neoforged.fml.loading.moddiscovery.ModDiscoverer/]: Skipping D:\Develop\gradle\repository\caches\modules-2\files-2.1\net.neoforged\JarJarMetadata\0.4.1\f8da03683dc81694556dc3e177c5e3bb77ae6fcb\JarJarMetadata-0.4.1.jar because it was already located earlier
[228月2026 17:47:56.669] [main/DEBUG] [net.neoforged.fml.loading.moddiscovery.ModDiscoverer/]: Skipping D:\Develop\gradle\repository\caches\modules-2\files-2.1\org.apache.maven\maven-artifact\3.8.5\4433f50c07debefaed0553bd0068f4f48d449313\maven-artifact-3.8.5.jar because it was already located earlier
[228月2026 17:47:56.669] [main/DEBUG] [net.neoforged.fml.loading.moddiscovery.ModDiscoverer/]: Skipping D:\Develop\gradle\repository\caches\modules-2\files-2.1\net.jodah\typetools\0.6.3\a01aaa6ddaea9ec07ec4f209487b7a46a526283a\typetools-0.6.3.jar because it was already located earlier
[228月2026 17:47:56.670] [main/DEBUG] [net.neoforged.fml.loading.moddiscovery.ModDiscoverer/]: Skipping D:\Develop\gradle\repository\caches\modules-2\files-2.1\net.minecrell\terminalconsoleappender\1.3.0\b562e9bb61235c9520e26282cdee71f8f802d1fc\terminalconsoleappender-1.3.0.jar because it was already located earlier
[228月2026 17:47:56.671] [main/DEBUG] [net.neoforged.fml.loading.moddiscovery.ModDiscoverer/]: Skipping D:\Develop\gradle\repository\caches\modules-2\files-2.1\net.fabricmc\sponge-mixin\0.15.2+mixin.0.8.7\2af2f021d8e02a0220dc27a7a72b4666d66d44ca\sponge-mixin-0.15.2+mixin.0.8.7.jar because it was already located earlier
[228月2026 17:47:56.671] [main/DEBUG] [net.neoforged.fml.loading.moddiscovery.ModDiscoverer/]: Skipping D:\Develop\gradle\repository\caches\modules-2\files-2.1\org.openjdk.nashorn\nashorn-core\15.4\f67f5ffaa5f5130cf6fb9b133da00c7df3b532a5\nashorn-core-15.4.jar because it was already located earlier
[228月2026 17:47:56.671] [main/DEBUG] [net.neoforged.fml.loading.moddiscovery.ModDiscoverer/]: Skipping D:\Develop\gradle\repository\caches\modules-2\files-2.1\org.apache.commons\commons-lang3\3.14.0\1ed471194b02f2c6cb734a0cd6f6f107c673afae\commons-lang3-3.14.0.jar because it was already located earlier
[228月2026 17:47:56.671] [main/DEBUG] [net.neoforged.fml.loading.moddiscovery.ModDiscoverer/]: Skipping D:\Develop\gradle\repository\caches\modules-2\files-2.1\net.sf.jopt-simple\jopt-simple\5.0.4\4fdac2fbe92dfad86aa6e9301736f6b4342a3f5c\jopt-simple-5.0.4.jar because it was already located earlier
[228月2026 17:47:56.672] [main/DEBUG] [net.neoforged.fml.loading.moddiscovery.ModDiscoverer/]: Skipping D:\Develop\gradle\repository\caches\modules-2\files-2.1\commons-io\commons-io\2.15.1\f11560da189ab563a5c8e351941415430e9304ea\commons-io-2.15.1.jar because it was already located earlier
[228月2026 17:47:56.672] [main/DEBUG] [net.neoforged.fml.loading.moddiscovery.ModDiscoverer/]: Skipping D:\Develop\gradle\repository\caches\modules-2\files-2.1\com.mojang\logging\1.2.7\24cb95ffb0e3433fd6e844c04e68009e504ca1c0\logging-1.2.7.jar because it was already located earlier
[228月2026 17:47:56.672] [main/DEBUG] [net.neoforged.fml.loading.moddiscovery.ModDiscoverer/]: Skipping D:\Develop\gradle\repository\caches\modules-2\files-2.1\org.apache.logging.log4j\log4j-slf4j2-impl\2.22.1\d7e6693c2606cb7e7335047d7bb96dec52db5665\log4j-slf4j2-impl-2.22.1.jar because it was already located earlier
[228月2026 17:47:56.673] [main/DEBUG] [net.neoforged.fml.loading.moddiscovery.ModDiscoverer/]: Skipping D:\Develop\gradle\repository\caches\modules-2\files-2.1\org.apache.logging.log4j\log4j-core\2.22.1\7183a25510a02ad00cc6a95d3b3d2a7d3c5a8dc4\log4j-core-2.22.1.jar because it was already located earlier
[228月2026 17:47:56.673] [main/DEBUG] [net.neoforged.fml.loading.moddiscovery.ModDiscoverer/]: Skipping D:\Develop\gradle\repository\caches\modules-2\files-2.1\org.apache.logging.log4j\log4j-api\2.22.1\bea6fede6328fabafd7e68363161a7ea6605abd1\log4j-api-2.22.1.jar because it was already located earlier
[228月2026 17:47:56.673] [main/DEBUG] [net.neoforged.fml.loading.moddiscovery.ModDiscoverer/]: Skipping D:\Develop\gradle\repository\caches\modules-2\files-2.1\com.google.guava\guava\32.1.2-jre\5e64ec7e056456bef3a4bc4c6fdaef71e8ab6318\guava-32.1.2-jre.jar because it was already located earlier
[228月2026 17:47:56.673] [main/DEBUG] [net.neoforged.fml.loading.moddiscovery.ModDiscoverer/]: Skipping D:\Develop\gradle\repository\caches\modules-2\files-2.1\com.google.code.gson\gson\2.10.1\b3add478d4382b78ea20b1671390a858002feb6c\gson-2.10.1.jar because it was already located earlier
[228月2026 17:47:56.674] [main/DEBUG] [net.neoforged.fml.loading.moddiscovery.ModDiscoverer/]: Skipping D:\Develop\gradle\repository\caches\modules-2\files-2.1\org.slf4j\slf4j-api\2.0.9\7cf2726fdcfbc8610f9a71fb3ed639871f315340\slf4j-api-2.0.9.jar because it was already located earlier
[228月2026 17:47:56.674] [main/DEBUG] [net.neoforged.fml.loading.moddiscovery.ModDiscoverer/]: Skipping D:\Develop\gradle\repository\caches\modules-2\files-2.1\org.antlr\antlr4-runtime\4.13.1\17125bae1d965624e265ef49552f6465a2bfa307\antlr4-runtime-4.13.1.jar because it was already located earlier
[228月2026 17:47:56.674] [main/DEBUG] [net.neoforged.fml.loading.moddiscovery.ModDiscoverer/]: Skipping D:\Develop\gradle\repository\caches\modules-2\files-2.1\net.minecraftforge\srgutils\0.4.15\ca408b131759478f164e010fae0d73997e125fb5\srgutils-0.4.15.jar because it was already located earlier
[228月2026 17:47:56.674] [main/DEBUG] [net.neoforged.fml.loading.moddiscovery.ModDiscoverer/]: Skipping D:\Develop\gradle\repository\caches\modules-2\files-2.1\org.codehaus.plexus\plexus-utils\3.3.0\cf43b5391de623b36fe066a21127baef82c64022\plexus-utils-3.3.0.jar because it was already located earlier
[228月2026 17:47:56.674] [main/DEBUG] [net.neoforged.fml.loading.moddiscovery.ModDiscoverer/]: Skipping D:\Develop\gradle\repository\caches\modules-2\files-2.1\org.jline\jline-reader\3.20.0\8f15415b022a25b473e8e16c28ae913186ffb9c4\jline-reader-3.20.0.jar because it was already located earlier
[228月2026 17:47:56.675] [main/DEBUG] [net.neoforged.fml.loading.moddiscovery.ModDiscoverer/]: Skipping D:\Develop\gradle\repository\caches\modules-2\files-2.1\com.machinezoo.noexception\noexception\1.7.1\b65330c98e38a1f915fa54a6e5eca496505e3f0a\noexception-1.7.1.jar because it was already located earlier
[228月2026 17:47:56.675] [main/DEBUG] [net.neoforged.fml.loading.moddiscovery.ModDiscoverer/]: Skipping D:\Develop\gradle\repository\caches\modules-2\files-2.1\com.github.oshi\oshi-core\6.4.10\b1d8ab82d11d92fd639b56d639f8f46f739dd5fa\oshi-core-6.4.10.jar because it was already located earlier
[228月2026 17:47:56.675] [main/DEBUG] [net.neoforged.fml.loading.moddiscovery.ModDiscoverer/]: Skipping D:\Develop\gradle\repository\caches\modules-2\files-2.1\com.google.guava\failureaccess\1.0.1\1dcf1de382a0bf95a3d8b0849546c88bac1292c9\failureaccess-1.0.1.jar because it was already located earlier
[228月2026 17:47:56.680] [main/DEBUG] [net.neoforged.fml.loading.moddiscovery.ModDiscoverer/]: Skipping D:\Develop\gradle\repository\caches\modules-2\files-2.1\com.mojang\authlib\6.0.54\de8bc95660e1b2fe8793fd427a7a10dcec5b3ea7\authlib-6.0.54.jar because it was already located earlier
[228月2026 17:47:56.684] [main/DEBUG] [net.neoforged.fml.loading.moddiscovery.ModDiscoverer/]: Skipping D:\Develop\gradle\repository\caches\modules-2\files-2.1\com.mojang\brigadier\1.3.10\d15b53a14cf20fdcaa98f731af5dda654452c010\brigadier-1.3.10.jar because it was already located earlier
[228月2026 17:47:56.684] [main/DEBUG] [net.neoforged.fml.loading.moddiscovery.ModDiscoverer/]: Skipping D:\Develop\gradle\repository\caches\modules-2\files-2.1\com.mojang\datafixerupper\8.0.16\67d4de6d7f95d89bcf5862995fb854ebaec02a34\datafixerupper-8.0.16.jar because it was already located earlier
[228月2026 17:47:56.694] [main/DEBUG] [net.neoforged.fml.loading.moddiscovery.ModDiscoverer/]: Skipping D:\Develop\gradle\repository\caches\modules-2\files-2.1\io.netty\netty-buffer\4.1.97.Final\f8f3d8644afa5e6e1a40a3a6aeb9d9aa970ecb4f\netty-buffer-4.1.97.Final.jar because it was already located earlier
[228月2026 17:47:56.694] [main/DEBUG] [net.neoforged.fml.loading.moddiscovery.ModDiscoverer/]: Skipping D:\Develop\gradle\repository\caches\modules-2\files-2.1\io.netty\netty-codec\4.1.97.Final\384ba4d75670befbedb45c4d3b497a93639c206d\netty-codec-4.1.97.Final.jar because it was already located earlier
[228月2026 17:47:56.694] [main/DEBUG] [net.neoforged.fml.loading.moddiscovery.ModDiscoverer/]: Skipping D:\Develop\gradle\repository\caches\modules-2\files-2.1\io.netty\netty-common\4.1.97.Final\7cceacaf11df8dc63f23d0fb58e9d4640fc88404\netty-common-4.1.97.Final.jar because it was already located earlier
[228月2026 17:47:56.694] [main/DEBUG] [net.neoforged.fml.loading.moddiscovery.ModDiscoverer/]: Skipping D:\Develop\gradle\repository\caches\modules-2\files-2.1\io.netty\netty-handler\4.1.97.Final\abb86c6906bf512bf2b797a41cd7d2e8d3cd7c36\netty-handler-4.1.97.Final.jar because it was already located earlier
[228月2026 17:47:56.696] [main/DEBUG] [net.neoforged.fml.loading.moddiscovery.ModDiscoverer/]: Skipping D:\Develop\gradle\repository\caches\modules-2\files-2.1\io.netty\netty-resolver\4.1.97.Final\cec8348108dc76c47cf87c669d514be52c922144\netty-resolver-4.1.97.Final.jar because it was already located earlier
[228月2026 17:47:56.696] [main/DEBUG] [net.neoforged.fml.loading.moddiscovery.ModDiscoverer/]: Skipping D:\Develop\gradle\repository\caches\modules-2\files-2.1\io.netty\netty-transport-classes-epoll\4.1.97.Final\795da37ded759e862457a82d9d92c4d39ce8ecee\netty-transport-classes-epoll-4.1.97.Final.jar because it was already located earlier
[228月2026 17:47:56.697] [main/DEBUG] [net.neoforged.fml.loading.moddiscovery.ModDiscoverer/]: Skipping D:\Develop\gradle\repository\caches\modules-2\files-2.1\io.netty\netty-transport-native-unix-common\4.1.97.Final\d469d84265ab70095b01b40886cabdd433b6e664\netty-transport-native-unix-common-4.1.97.Final.jar because it was already located earlier
[228月2026 17:47:56.697] [main/DEBUG] [net.neoforged.fml.loading.moddiscovery.ModDiscoverer/]: Skipping D:\Develop\gradle\repository\caches\modules-2\files-2.1\io.netty\netty-transport\4.1.97.Final\f37380d23c9bb079bc702910833b2fd532c9abd0\netty-transport-4.1.97.Final.jar because it was already located earlier
[228月2026 17:47:56.698] [main/DEBUG] [net.neoforged.fml.loading.moddiscovery.ModDiscoverer/]: Skipping D:\Develop\gradle\repository\caches\modules-2\files-2.1\it.unimi.dsi\fastutil\8.5.12\c24946d46824bd528054bface3231d2ecb7e95e8\fastutil-8.5.12.jar because it was already located earlier
[228月2026 17:47:56.699] [main/DEBUG] [net.neoforged.fml.loading.moddiscovery.ModDiscoverer/]: Skipping D:\Develop\gradle\repository\caches\modules-2\files-2.1\net.java.dev.jna\jna-platform\5.14.0\28934d48aed814f11e4c584da55c49fa7032b31b\jna-platform-5.14.0.jar because it was already located earlier
[228月2026 17:47:56.699] [main/DEBUG] [net.neoforged.fml.loading.moddiscovery.ModDiscoverer/]: Skipping D:\Develop\gradle\repository\caches\modules-2\files-2.1\net.java.dev.jna\jna\5.14.0\67bf3eaea4f0718cb376a181a629e5f88fa1c9dd\jna-5.14.0.jar because it was already located earlier
[228月2026 17:47:56.709] [main/DEBUG] [net.neoforged.fml.loading.moddiscovery.ModDiscoverer/]: Skipping D:\Develop\gradle\repository\caches\modules-2\files-2.1\org.joml\joml\1.10.5\22566d58af70ad3d72308bab63b8339906deb649\joml-1.10.5.jar because it was already located earlier
[228月2026 17:47:57.106] [main/DEBUG] [net.neoforged.fml.loading.moddiscovery.ModDiscoverer/]: Skipping D:\Develop\gradle\repository\caches\modules-2\files-2.1\org.lz4\lz4-java\1.8.0\4b986a99445e49ea5fbf5d149c4b63f6ed6c6780\lz4-java-1.8.0.jar because it was already located earlier
[228月2026 17:47:57.107] [main/DEBUG] [net.neoforged.fml.loading.moddiscovery.ModDiscoverer/]: Skipping D:\Develop\gradle\repository\caches\modules-2\files-2.1\org.jline\jline-terminal\3.20.0\d0ddcc708ddf527a3454c941b7b9225cc83a15ff\jline-terminal-3.20.0.jar because it was already located earlier
[228月2026 17:47:57.108] [main/DEBUG] [net.neoforged.fml.loading.moddiscovery.ModDiscoverer/]: Skipping D:\Develop\gradle\repository\caches\modules-2\files-2.1\com.google.guava\listenablefuture\9999.0-empty-to-avoid-conflict-with-guava\b421526c5f297295adef1c886e5246c39d4ac629\listenablefuture-9999.0-empty-to-avoid-conflict-with-guava.jar because it was already located earlier
[228月2026 17:47:57.108] [main/DEBUG] [net.neoforged.fml.loading.moddiscovery.ModDiscoverer/]: Skipping D:\Develop\gradle\repository\caches\modules-2\files-2.1\com.google.code.findbugs\jsr305\3.0.2\25ea2e8b0c338a877313bd4672d3fe056ea78f0d\jsr305-3.0.2.jar because it was already located earlier
[228月2026 17:47:57.109] [main/DEBUG] [net.neoforged.fml.loading.moddiscovery.ModDiscoverer/]: Skipping D:\Develop\gradle\repository\caches\modules-2\files-2.1\org.checkerframework\checker-qual\3.33.0\de2b60b62da487644fc11f734e73c8b0b431238f\checker-qual-3.33.0.jar because it was already located earlier
[228月2026 17:47:57.109] [main/DEBUG] [net.neoforged.fml.loading.moddiscovery.ModDiscoverer/]: Skipping D:\Develop\gradle\repository\caches\modules-2\files-2.1\com.google.errorprone\error_prone_annotations\2.18.0\89b684257096f548fa39a7df9fdaa409d4d4df91\error_prone_annotations-2.18.0.jar because it was already located earlier
[228月2026 17:47:57.118] [main/DEBUG] [net.neoforged.fml.loading.moddiscovery.ModDiscoverer/]: Skipping D:\Develop\gradle\repository\caches\modules-2\files-2.1\com.google.j2objc\j2objc-annotations\2.8\c85270e307e7b822f1086b93689124b89768e273\j2objc-annotations-2.8.jar because it was already located earlier
[228月2026 17:47:57.122] [main/DEBUG] [net.neoforged.fml.loading.UniqueModListBuilder/]: Found 2 mods for first modid neoforge, selecting most recent based on version data
[228月2026 17:47:57.123] [main/DEBUG] [net.neoforged.fml.loading.UniqueModListBuilder/]: Selected file neoforge-21.1.233.jar for modid neoforge with version 21.1.233
[228月2026 17:47:57.354] [main/INFO] [net.neoforged.fml.loading.moddiscovery.locators.JarInJarDependencyLocator/]: Found 2 dependencies adding them to mods collection
[228月2026 17:47:57.356] [main/INFO] [net.neoforged.fml.loading.moddiscovery.ModDiscoverer/]: 
     Mod List:
		Name Version (Mod Id)

		Bendy lib 5.1 (bendylib)
		GeckoLib 4 4.8.4 (geckolib)
		Jade 15.10.5+neoforge (jade)
		Minecraft 1.21.1 (minecraft)
		NeoForge 21.1.233 (neoforge)
		Player Animator 2.0.4+1.21.1 (playeranimator)
		RestraintDungeon 0.0.4 (restraint_dungeon)
[228月2026 17:47:57.360] [main/DEBUG] [net.neoforged.fml.loading.moddiscovery.ModFileInfo/LOADING]: Found valid mod file neoforge-21.1.233.jar with {minecraft} mods - versions {1.21.1}
[228月2026 17:47:57.367] [main/DEBUG] [net.neoforged.fml.loading.moddiscovery.ModFile/LOADING]: Loading mod file D:\Develop\idea_project\RestraintDungeon\build\moddev\artifacts\neoforge-21.1.233.jar with languages [LanguageSpec[languageName=minecraft, acceptedVersions=1]]
[228月2026 17:47:57.370] [main/DEBUG] [net.neoforged.fml.loading.moddiscovery.ModFileParser/LOADING]: Considering mod file candidate D:\Develop\gradle\repository\caches\modules-2\files-2.1\io.github.kosmx.bendy-lib\bendy-lib-forge\5.1\9ab7cdb6fb21fd812d267558a888c791fb07b848\bendy-lib-forge-5.1.jar
[228月2026 17:47:57.373] [main/DEBUG] [net.neoforged.fml.loading.moddiscovery.ModFileInfo/LOADING]: Found valid mod file bendy-lib-forge-5.1.jar with {bendylib} mods - versions {5.1}
[228月2026 17:47:57.374] [main/DEBUG] [net.neoforged.fml.loading.moddiscovery.ModFile/LOADING]: Loading mod file D:\Develop\gradle\repository\caches\modules-2\files-2.1\io.github.kosmx.bendy-lib\bendy-lib-forge\5.1\9ab7cdb6fb21fd812d267558a888c791fb07b848\bendy-lib-forge-5.1.jar with languages [LanguageSpec[languageName=javafml, acceptedVersions=*]]
[228月2026 17:47:57.376] [main/DEBUG] [net.neoforged.fml.loading.moddiscovery.ModFile/LOADING]: Found mixin config MixinConfig[config=bendylib.mixins.json, requiredMods=[]]
[228月2026 17:47:57.377] [main/DEBUG] [net.neoforged.fml.loading.moddiscovery.ModFileParser/LOADING]: Considering mod file candidate D:\Develop\gradle\repository\caches\modules-2\files-2.1\maven.modrinth\jade\15.10.5+neoforge\d5bf134b3dbde9f5258666823900e21341dc0a50\jade-15.10.5+neoforge.jar
[228月2026 17:47:57.382] [main/DEBUG] [net.neoforged.fml.loading.moddiscovery.ModFileInfo/LOADING]: Found valid mod file jade-15.10.5+neoforge.jar with {jade} mods - versions {15.10.5+neoforge}
[228月2026 17:47:57.382] [main/DEBUG] [net.neoforged.fml.loading.moddiscovery.ModFile/LOADING]: Loading mod file D:\Develop\gradle\repository\caches\modules-2\files-2.1\maven.modrinth\jade\15.10.5+neoforge\d5bf134b3dbde9f5258666823900e21341dc0a50\jade-15.10.5+neoforge.jar with languages [LanguageSpec[languageName=javafml, acceptedVersions=[1,)]]
[228月2026 17:47:57.383] [main/DEBUG] [net.neoforged.fml.loading.moddiscovery.ModFile/LOADING]: Found mixin config MixinConfig[config=jade.mixins.json, requiredMods=[]]
[228月2026 17:47:57.384] [main/DEBUG] [net.neoforged.fml.loading.moddiscovery.ModFileParser/LOADING]: Considering mod file candidate D:\Develop\gradle\repository\caches\modules-2\files-2.1\software.bernie.geckolib\geckolib-neoforge-1.21.1\4.8.4\eb854c8ec53ef922a5f3877a1aa4c1ce1352e0ce\geckolib-neoforge-1.21.1-4.8.4.jar
[228月2026 17:47:57.389] [main/DEBUG] [net.neoforged.fml.loading.moddiscovery.ModFileInfo/LOADING]: Found valid mod file geckolib-neoforge-1.21.1-4.8.4.jar with {geckolib} mods - versions {4.8.4}
[228月2026 17:47:57.389] [main/DEBUG] [net.neoforged.fml.loading.moddiscovery.ModFile/LOADING]: Loading mod file D:\Develop\gradle\repository\caches\modules-2\files-2.1\software.bernie.geckolib\geckolib-neoforge-1.21.1\4.8.4\eb854c8ec53ef922a5f3877a1aa4c1ce1352e0ce\geckolib-neoforge-1.21.1-4.8.4.jar with languages [LanguageSpec[languageName=javafml, acceptedVersions=[4,)]]
[228月2026 17:47:57.389] [main/DEBUG] [net.neoforged.fml.loading.moddiscovery.ModFile/LOADING]: Found mixin config MixinConfig[config=geckolib.mixins.json, requiredMods=[]]
[228月2026 17:47:57.390] [main/DEBUG] [net.neoforged.fml.loading.moddiscovery.ModFileParser/LOADING]: Considering mod file candidate D:\Develop\idea_project\RestraintDungeon\build\classes\java\main
[228月2026 17:47:57.394] [main/DEBUG] [net.neoforged.fml.loading.moddiscovery.ModFileInfo/LOADING]: Found valid mod file main with {restraint_dungeon} mods - versions {0.0.4}
[228月2026 17:47:57.395] [main/DEBUG] [net.neoforged.fml.loading.moddiscovery.ModFile/LOADING]: Loading mod file D:\Develop\idea_project\RestraintDungeon\build\classes\java\main with languages [LanguageSpec[languageName=javafml, acceptedVersions=[4,)]]
[228月2026 17:47:57.395] [main/DEBUG] [net.neoforged.fml.loading.moddiscovery.ModFile/LOADING]: Found mixin config MixinConfig[config=restraint_dungeon.mixins.json, requiredMods=[]]
[228月2026 17:47:57.395] [main/DEBUG] [net.neoforged.fml.loading.moddiscovery.ModFileParser/LOADING]: Considering mod file candidate D:\Develop\gradle\repository\caches\modules-2\files-2.1\dev.kosmx.player-anim\player-animation-lib-forge\2.0.4+1.21.1\5be8ddcc78532b9a5520c718edc6c971cd0057c\player-animation-lib-forge-2.0.4+1.21.1.jar
[228月2026 17:47:57.398] [main/DEBUG] [net.neoforged.fml.loading.moddiscovery.ModFileInfo/LOADING]: Found valid mod file player-animation-lib-forge-2.0.4+1.21.1.jar with {playeranimator} mods - versions {2.0.4+1.21.1}
[228月2026 17:47:57.398] [main/DEBUG] [net.neoforged.fml.loading.moddiscovery.ModFile/LOADING]: Loading mod file D:\Develop\gradle\repository\caches\modules-2\files-2.1\dev.kosmx.player-anim\player-animation-lib-forge\2.0.4+1.21.1\5be8ddcc78532b9a5520c718edc6c971cd0057c\player-animation-lib-forge-2.0.4+1.21.1.jar with languages [LanguageSpec[languageName=javafml, acceptedVersions=*]]
[228月2026 17:47:57.398] [main/DEBUG] [net.neoforged.fml.loading.moddiscovery.ModFile/LOADING]: Found mixin config MixinConfig[config=playerAnimator-common.mixins.json, requiredMods=[]]
[228月2026 17:47:57.399] [main/DEBUG] [net.neoforged.fml.loading.moddiscovery.ModFileParser/LOADING]: Considering mod file candidate D:\Develop\idea_project\RestraintDungeon\build\moddev\artifacts\neoforge-21.1.233.jar
[228月2026 17:47:57.402] [main/DEBUG] [net.neoforged.fml.loading.moddiscovery.ModFileInfo/LOADING]: Found valid mod file neoforge-21.1.233.jar with {neoforge} mods - versions {21.1.233}
[228月2026 17:47:57.402] [main/DEBUG] [net.neoforged.fml.loading.moddiscovery.ModFile/LOADING]: Loading mod file D:\Develop\idea_project\RestraintDungeon\build\moddev\artifacts\neoforge-21.1.233.jar with languages [LanguageSpec[languageName=javafml, acceptedVersions=[3,]]]
[228月2026 17:47:57.402] [main/DEBUG] [net.neoforged.fml.loading.moddiscovery.ModFile/LOADING]: Found mixin config MixinConfig[config=neoforge.mixins.json, requiredMods=[]]
[228月2026 17:47:57.403] [main/DEBUG] [net.neoforged.fml.loading.moddiscovery.ModFile/LOADING]: Loading mod file  with languages []
[228月2026 17:47:57.404] [main/DEBUG] [cpw.mods.modlauncher.TransformationServiceDecorator/MODLAUNCHER]: End scan trigger - transformation service fml
[228月2026 17:47:57.429] [main/DEBUG] [net.neoforged.fml.util.ServiceLoaderUtil/CORE]: Found 3 implementations of IModLanguageLoader:
[228月2026 17:47:57.430] [main/DEBUG] [net.neoforged.fml.util.ServiceLoaderUtil/CORE]: 	net.neoforged.fml.javafmlmod.FMLJavaModLanguageProvider from loader-4.0.42.jar
[228月2026 17:47:57.430] [main/DEBUG] [net.neoforged.fml.util.ServiceLoaderUtil/CORE]: 	net.neoforged.fml.lowcodemod.LowCodeModLanguageProvider from loader-4.0.42.jar
[228月2026 17:47:57.431] [main/DEBUG] [net.neoforged.fml.util.ServiceLoaderUtil/CORE]: 	net.neoforged.fml.mclanguageprovider.MinecraftModLanguageProvider from loader-4.0.42.jar
[228月2026 17:47:57.435] [main/DEBUG] [net.neoforged.fml.loading.LanguageProviderLoader/CORE]: Found language provider javafml, version 4.0.42
[228月2026 17:47:57.436] [main/DEBUG] [net.neoforged.fml.loading.LanguageProviderLoader/CORE]: Found language provider lowcodefml, version 4.0.42
[228月2026 17:47:57.436] [main/DEBUG] [net.neoforged.fml.loading.LanguageProviderLoader/CORE]: Found language provider minecraft, version 4.0.42
[228月2026 17:47:57.445] [main/DEBUG] [net.neoforged.fml.loading.ModSorter/]: Configured system mods: [minecraft, neoforge]
[228月2026 17:47:57.446] [main/DEBUG] [net.neoforged.fml.loading.ModSorter/]: Found system mod: minecraft
[228月2026 17:47:57.446] [main/DEBUG] [net.neoforged.fml.loading.ModSorter/]: Found system mod: neoforge
[228月2026 17:47:57.451] [main/DEBUG] [net.neoforged.fml.loading.ModSorter/LOADING]: Found 7 mod requirements (6 mandatory, 1 optional)
[228月2026 17:47:57.452] [main/DEBUG] [net.neoforged.fml.loading.ModSorter/LOADING]: Found 0 mod requirements missing (0 mandatory, 0 optional)
[228月2026 17:47:57.857] [main/DEBUG] [mixin/]: Adding mixin platform agents for container net.neoforged.fml.loading.mixin.FMLMixinContainerHandle@7b2a3ff8
[228月2026 17:47:57.859] [main/DEBUG] [mixin/]: Instancing new MixinPlatformAgentMinecraftForge for net.neoforged.fml.loading.mixin.FMLMixinContainerHandle@7b2a3ff8
[228月2026 17:47:57.860] [main/DEBUG] [mixin/]: MixinPlatformAgentMinecraftForge rejected container net.neoforged.fml.loading.mixin.FMLMixinContainerHandle@7b2a3ff8
[228月2026 17:47:57.876] [main/DEBUG] [mixin/]: Instancing new MixinPlatformAgentDefault for net.neoforged.fml.loading.mixin.FMLMixinContainerHandle@7b2a3ff8
[228月2026 17:47:57.879] [main/DEBUG] [mixin/]: MixinPlatformAgentDefault accepted container net.neoforged.fml.loading.mixin.FMLMixinContainerHandle@7b2a3ff8
[228月2026 17:47:57.880] [main/DEBUG] [mixin/]: Instancing new FMLMixinPlatformAgent for net.neoforged.fml.loading.mixin.FMLMixinContainerHandle@7b2a3ff8
[228月2026 17:47:57.881] [main/DEBUG] [mixin/]: FMLMixinPlatformAgent accepted container net.neoforged.fml.loading.mixin.FMLMixinContainerHandle@7b2a3ff8
[228月2026 17:47:57.897] [main/DEBUG] [cpw.mods.modlauncher.TransformationServicesHandler/MODLAUNCHER]: Transformation services loading transformers
[228月2026 17:47:57.899] [main/DEBUG] [cpw.mods.modlauncher.TransformationServiceDecorator/MODLAUNCHER]: Initializing transformers for transformation service mixin
[228月2026 17:47:57.901] [main/DEBUG] [cpw.mods.modlauncher.TransformationServiceDecorator/MODLAUNCHER]: Initialized transformers for transformation service mixin
[228月2026 17:47:57.901] [main/DEBUG] [cpw.mods.modlauncher.TransformationServiceDecorator/MODLAUNCHER]: Initializing transformers for transformation service fml
[228月2026 17:47:57.902] [main/DEBUG] [net.neoforged.fml.loading.FMLServiceProvider/LOADING]: Loading coremod transformers
[228月2026 17:47:57.902] [main/DEBUG] [net.neoforged.fml.loading.FMLServiceProvider/CORE]: Not loading coremod script-engine since no mod requested it
[228月2026 17:47:57.956] [main/DEBUG] [net.neoforged.fml.util.ServiceLoaderUtil/CORE]: Found 1 implementations of ICoreMod:
[228月2026 17:47:57.969] [main/DEBUG] [net.neoforged.fml.util.ServiceLoaderUtil/CORE]: 	net.neoforged.neoforge.coremods.NeoForgeCoreMod from neoforge-21.1.233.jar > net.neoforged.neoforge-coremods-21.1.233.jar
[228月2026 17:47:58.621] [main/DEBUG] [net.neoforged.fml.loading.FMLServiceProvider/CORE]: Adding [Target[className=net.minecraft.world.level.biome.Biome, elementName=, elementDescriptor=, targetType=cpw.mods.modlauncher.api.TargetType@614df0a4]] transformer from core-mod net.neoforged.neoforge.coremods.NeoForgeCoreMod@4158debd in neoforge-21.1.233.jar > net.neoforged.neoforge-coremods-21.1.233.jar
[228月2026 17:47:58.677] [main/DEBUG] [net.neoforged.fml.loading.FMLServiceProvider/CORE]: Adding [Target[className=net.minecraft.world.level.levelgen.structure.Structure, elementName=, elementDescriptor=, targetType=cpw.mods.modlauncher.api.TargetType@614df0a4]] transformer from core-mod net.neoforged.neoforge.coremods.NeoForgeCoreMod@4158debd in neoforge-21.1.233.jar > net.neoforged.neoforge-coremods-21.1.233.jar
[228月2026 17:47:58.694] [main/DEBUG] [net.neoforged.fml.loading.FMLServiceProvider/CORE]: Adding [Target[className=net.minecraft.world.level.block.FlowerPotBlock, elementName=, elementDescriptor=, targetType=cpw.mods.modlauncher.api.TargetType@614df0a4]] transformer from core-mod net.neoforged.neoforge.coremods.NeoForgeCoreMod@4158debd in neoforge-21.1.233.jar > net.neoforged.neoforge-coremods-21.1.233.jar
[228月2026 17:47:58.701] [main/DEBUG] [net.neoforged.fml.loading.FMLServiceProvider/CORE]: Adding [Target[className=net/minecraft/world/entity/npc/CatSpawner, elementName=, elementDescriptor=, targetType=cpw.mods.modlauncher.api.TargetType@614df0a4], Target[className=net/minecraft/world/level/levelgen/PhantomSpawner, elementName=, elementDescriptor=, targetType=cpw.mods.modlauncher.api.TargetType@614df0a4], Target[className=net/minecraft/server/commands/SummonCommand, elementName=, elementDescriptor=, targetType=cpw.mods.modlauncher.api.TargetType@614df0a4], Target[className=net/minecraft/world/level/levelgen/structure/structures/WoodlandMansionPieces$WoodlandMansionPiece, elementName=, elementDescriptor=, targetType=cpw.mods.modlauncher.api.TargetType@614df0a4], Target[className=net/minecraft/world/entity/monster/Spider, elementName=, elementDescriptor=, targetType=cpw.mods.modlauncher.api.TargetType@614df0a4], Target[className=net/minecraft/world/entity/npc/Villager, elementName=, elementDescriptor=, targetType=cpw.mods.modlauncher.api.TargetType@614df0a4], Target[className=net/minecraft/world/level/levelgen/structure/structures/OceanRuinPieces$OceanRuinPiece, elementName=, elementDescriptor=, targetType=cpw.mods.modlauncher.api.TargetType@614df0a4], Target[className=net/minecraft/world/entity/monster/Zombie, elementName=, elementDescriptor=, targetType=cpw.mods.modlauncher.api.TargetType@614df0a4], Target[className=net/minecraft/world/entity/animal/horse/SkeletonTrapGoal, elementName=, elementDescriptor=, targetType=cpw.mods.modlauncher.api.TargetType@614df0a4], Target[className=net/minecraft/world/level/levelgen/structure/templatesystem/StructureTemplate, elementName=, elementDescriptor=, targetType=cpw.mods.modlauncher.api.TargetType@614df0a4], Target[className=net/minecraft/world/entity/EntityType, elementName=, elementDescriptor=, targetType=cpw.mods.modlauncher.api.TargetType@614df0a4], Target[className=net/minecraft/world/entity/monster/Strider, elementName=, elementDescriptor=, targetType=cpw.mods.modlauncher.api.TargetType@614df0a4], Target[className=net/minecraft/world/entity/ai/village/VillageSiege, elementName=, elementDescriptor=, targetType=cpw.mods.modlauncher.api.TargetType@614df0a4], Target[className=net/minecraft/world/entity/monster/Evoker$EvokerSummonSpellGoal, elementName=, elementDescriptor=, targetType=cpw.mods.modlauncher.api.TargetType@614df0a4], Target[className=net/minecraft/server/commands/RaidCommand, elementName=, elementDescriptor=, targetType=cpw.mods.modlauncher.api.TargetType@614df0a4], Target[className=net/minecraft/world/level/levelgen/PatrolSpawner, elementName=, elementDescriptor=, targetType=cpw.mods.modlauncher.api.TargetType@614df0a4], Target[className=net/minecraft/world/entity/animal/frog/Tadpole, elementName=, elementDescriptor=, targetType=cpw.mods.modlauncher.api.TargetType@614df0a4], Target[className=net/minecraft/world/level/levelgen/structure/structures/SwampHutPiece, elementName=, elementDescriptor=, targetType=cpw.mods.modlauncher.api.TargetType@614df0a4], Target[className=net/minecraft/world/entity/raid/Raid, elementName=, elementDescriptor=, targetType=cpw.mods.modlauncher.api.TargetType@614df0a4], Target[className=net/minecraft/world/level/NaturalSpawner, elementName=, elementDescriptor=, targetType=cpw.mods.modlauncher.api.TargetType@614df0a4], Target[className=net/minecraft/world/level/levelgen/structure/structures/OceanMonumentPieces$OceanMonumentPiece, elementName=, elementDescriptor=, targetType=cpw.mods.modlauncher.api.TargetType@614df0a4], Target[className=net/minecraft/world/entity/monster/ZombieVillager, elementName=, elementDescriptor=, targetType=cpw.mods.modlauncher.api.TargetType@614df0a4]] transformer from core-mod net.neoforged.neoforge.coremods.NeoForgeCoreMod@4158debd in neoforge-21.1.233.jar > net.neoforged.neoforge-coremods-21.1.233.jar
[228月2026 17:47:58.724] [main/DEBUG] [cpw.mods.modlauncher.TransformStore/MODLAUNCHER]: Adding transformer net.neoforged.neoforge.coremods.ReplaceFieldWithGetterAccess@78faea5f to Target : cpw.mods.modlauncher.api.TargetType@614df0a4 {Lnet/minecraft/world/level/biome/Biome;} {} {V}
[228月2026 17:47:58.733] [main/DEBUG] [cpw.mods.modlauncher.TransformStore/MODLAUNCHER]: Adding transformer net.neoforged.neoforge.coremods.ReplaceFieldWithGetterAccess@78c1a023 to Target : cpw.mods.modlauncher.api.TargetType@614df0a4 {Lnet/minecraft/world/level/levelgen/structure/Structure;} {} {V}
[228月2026 17:47:58.733] [main/DEBUG] [cpw.mods.modlauncher.TransformStore/MODLAUNCHER]: Adding transformer net.neoforged.neoforge.coremods.ReplaceFieldWithGetterAccess@70abf9b0 to Target : cpw.mods.modlauncher.api.TargetType@614df0a4 {Lnet/minecraft/world/level/block/FlowerPotBlock;} {} {V}
[228月2026 17:47:58.734] [main/DEBUG] [cpw.mods.modlauncher.TransformStore/MODLAUNCHER]: Adding transformer net.neoforged.neoforge.coremods.MethodRedirector@6a10b263 to Target : cpw.mods.modlauncher.api.TargetType@614df0a4 {Lnet/minecraft/world/entity/npc/CatSpawner;} {} {V}
[228月2026 17:47:58.734] [main/DEBUG] [cpw.mods.modlauncher.TransformStore/MODLAUNCHER]: Adding transformer net.neoforged.neoforge.coremods.MethodRedirector@6a10b263 to Target : cpw.mods.modlauncher.api.TargetType@614df0a4 {Lnet/minecraft/world/level/levelgen/PhantomSpawner;} {} {V}
[228月2026 17:47:58.740] [main/DEBUG] [cpw.mods.modlauncher.TransformStore/MODLAUNCHER]: Adding transformer net.neoforged.neoforge.coremods.MethodRedirector@6a10b263 to Target : cpw.mods.modlauncher.api.TargetType@614df0a4 {Lnet/minecraft/server/commands/SummonCommand;} {} {V}
[228月2026 17:47:58.761] [main/DEBUG] [cpw.mods.modlauncher.TransformStore/MODLAUNCHER]: Adding transformer net.neoforged.neoforge.coremods.MethodRedirector@6a10b263 to Target : cpw.mods.modlauncher.api.TargetType@614df0a4 {Lnet/minecraft/world/level/levelgen/structure/structures/WoodlandMansionPieces$WoodlandMansionPiece;} {} {V}
[228月2026 17:47:58.762] [main/DEBUG] [cpw.mods.modlauncher.TransformStore/MODLAUNCHER]: Adding transformer net.neoforged.neoforge.coremods.MethodRedirector@6a10b263 to Target : cpw.mods.modlauncher.api.TargetType@614df0a4 {Lnet/minecraft/world/entity/monster/Spider;} {} {V}
[228月2026 17:47:58.762] [main/DEBUG] [cpw.mods.modlauncher.TransformStore/MODLAUNCHER]: Adding transformer net.neoforged.neoforge.coremods.MethodRedirector@6a10b263 to Target : cpw.mods.modlauncher.api.TargetType@614df0a4 {Lnet/minecraft/world/entity/npc/Villager;} {} {V}
[228月2026 17:47:58.762] [main/DEBUG] [cpw.mods.modlauncher.TransformStore/MODLAUNCHER]: Adding transformer net.neoforged.neoforge.coremods.MethodRedirector@6a10b263 to Target : cpw.mods.modlauncher.api.TargetType@614df0a4 {Lnet/minecraft/world/level/levelgen/structure/structures/OceanRuinPieces$OceanRuinPiece;} {} {V}
[228月2026 17:47:58.762] [main/DEBUG] [cpw.mods.modlauncher.TransformStore/MODLAUNCHER]: Adding transformer net.neoforged.neoforge.coremods.MethodRedirector@6a10b263 to Target : cpw.mods.modlauncher.api.TargetType@614df0a4 {Lnet/minecraft/world/entity/monster/Zombie;} {} {V}
[228月2026 17:47:58.762] [main/DEBUG] [cpw.mods.modlauncher.TransformStore/MODLAUNCHER]: Adding transformer net.neoforged.neoforge.coremods.MethodRedirector@6a10b263 to Target : cpw.mods.modlauncher.api.TargetType@614df0a4 {Lnet/minecraft/world/entity/animal/horse/SkeletonTrapGoal;} {} {V}
[228月2026 17:47:58.763] [main/DEBUG] [cpw.mods.modlauncher.TransformStore/MODLAUNCHER]: Adding transformer net.neoforged.neoforge.coremods.MethodRedirector@6a10b263 to Target : cpw.mods.modlauncher.api.TargetType@614df0a4 {Lnet/minecraft/world/level/levelgen/structure/templatesystem/StructureTemplate;} {} {V}
[228月2026 17:47:58.783] [main/DEBUG] [cpw.mods.modlauncher.TransformStore/MODLAUNCHER]: Adding transformer net.neoforged.neoforge.coremods.MethodRedirector@6a10b263 to Target : cpw.mods.modlauncher.api.TargetType@614df0a4 {Lnet/minecraft/world/entity/EntityType;} {} {V}
[228月2026 17:47:58.796] [main/DEBUG] [cpw.mods.modlauncher.TransformStore/MODLAUNCHER]: Adding transformer net.neoforged.neoforge.coremods.MethodRedirector@6a10b263 to Target : cpw.mods.modlauncher.api.TargetType@614df0a4 {Lnet/minecraft/world/entity/monster/Strider;} {} {V}
[228月2026 17:47:58.796] [main/DEBUG] [cpw.mods.modlauncher.TransformStore/MODLAUNCHER]: Adding transformer net.neoforged.neoforge.coremods.MethodRedirector@6a10b263 to Target : cpw.mods.modlauncher.api.TargetType@614df0a4 {Lnet/minecraft/world/entity/ai/village/VillageSiege;} {} {V}
[228月2026 17:47:58.796] [main/DEBUG] [cpw.mods.modlauncher.TransformStore/MODLAUNCHER]: Adding transformer net.neoforged.neoforge.coremods.MethodRedirector@6a10b263 to Target : cpw.mods.modlauncher.api.TargetType@614df0a4 {Lnet/minecraft/world/entity/monster/Evoker$EvokerSummonSpellGoal;} {} {V}
[228月2026 17:47:58.796] [main/DEBUG] [cpw.mods.modlauncher.TransformStore/MODLAUNCHER]: Adding transformer net.neoforged.neoforge.coremods.MethodRedirector@6a10b263 to Target : cpw.mods.modlauncher.api.TargetType@614df0a4 {Lnet/minecraft/server/commands/RaidCommand;} {} {V}
[228月2026 17:47:58.806] [main/DEBUG] [cpw.mods.modlauncher.TransformStore/MODLAUNCHER]: Adding transformer net.neoforged.neoforge.coremods.MethodRedirector@6a10b263 to Target : cpw.mods.modlauncher.api.TargetType@614df0a4 {Lnet/minecraft/world/level/levelgen/PatrolSpawner;} {} {V}
[228月2026 17:47:58.807] [main/DEBUG] [cpw.mods.modlauncher.TransformStore/MODLAUNCHER]: Adding transformer net.neoforged.neoforge.coremods.MethodRedirector@6a10b263 to Target : cpw.mods.modlauncher.api.TargetType@614df0a4 {Lnet/minecraft/world/entity/animal/frog/Tadpole;} {} {V}
[228月2026 17:47:58.807] [main/DEBUG] [cpw.mods.modlauncher.TransformStore/MODLAUNCHER]: Adding transformer net.neoforged.neoforge.coremods.MethodRedirector@6a10b263 to Target : cpw.mods.modlauncher.api.TargetType@614df0a4 {Lnet/minecraft/world/level/levelgen/structure/structures/SwampHutPiece;} {} {V}
[228月2026 17:47:58.807] [main/DEBUG] [cpw.mods.modlauncher.TransformStore/MODLAUNCHER]: Adding transformer net.neoforged.neoforge.coremods.MethodRedirector@6a10b263 to Target : cpw.mods.modlauncher.api.TargetType@614df0a4 {Lnet/minecraft/world/entity/raid/Raid;} {} {V}
[228月2026 17:47:58.808] [main/DEBUG] [cpw.mods.modlauncher.TransformStore/MODLAUNCHER]: Adding transformer net.neoforged.neoforge.coremods.MethodRedirector@6a10b263 to Target : cpw.mods.modlauncher.api.TargetType@614df0a4 {Lnet/minecraft/world/level/NaturalSpawner;} {} {V}
[228月2026 17:47:58.809] [main/DEBUG] [cpw.mods.modlauncher.TransformStore/MODLAUNCHER]: Adding transformer net.neoforged.neoforge.coremods.MethodRedirector@6a10b263 to Target : cpw.mods.modlauncher.api.TargetType@614df0a4 {Lnet/minecraft/world/level/levelgen/structure/structures/OceanMonumentPieces$OceanMonumentPiece;} {} {V}
[228月2026 17:47:58.810] [main/DEBUG] [cpw.mods.modlauncher.TransformStore/MODLAUNCHER]: Adding transformer net.neoforged.neoforge.coremods.MethodRedirector@6a10b263 to Target : cpw.mods.modlauncher.api.TargetType@614df0a4 {Lnet/minecraft/world/entity/monster/ZombieVillager;} {} {V}
[228月2026 17:47:58.817] [main/DEBUG] [cpw.mods.modlauncher.TransformationServiceDecorator/MODLAUNCHER]: Initialized transformers for transformation service fml
[228月2026 17:48:01.661] [main/DEBUG] [mixin/]: Processing prepare() for PlatformAgent[MixinPlatformAgentDefault:ModLauncher Root Container(ModLauncher:4f56a0a2)]
[228月2026 17:48:01.667] [main/DEBUG] [mixin/]: Processing prepare() for PlatformAgent[MixinPlatformAgentDefault:net.neoforged.fml.loading.mixin.FMLMixinContainerHandle@7b2a3ff8]
[228月2026 17:48:01.668] [main/DEBUG] [mixin/]: Processing prepare() for PlatformAgent[FMLMixinPlatformAgent:null]
[228月2026 17:48:01.767] [main/DEBUG] [mixin/]: Compatibility level JAVA_17 specified by geckolib.mixins.json is higher than the maximum level supported by this version of mixin (JAVA_13).
[228月2026 17:48:01.781] [main/INFO] [mixin/]: Compatibility level set to JAVA_17
[228月2026 17:48:01.784] [main/DEBUG] [mixin/]: Compatibility level JAVA_21 specified by restraint_dungeon.mixins.json is higher than the maximum level supported by this version of mixin (JAVA_13).
[228月2026 17:48:01.784] [main/INFO] [mixin/]: Compatibility level set to JAVA_21
[228月2026 17:48:01.798] [main/DEBUG] [mixin/]: Processing launch tasks for PlatformAgent[MixinPlatformAgentDefault:ModLauncher Root Container(ModLauncher:4f56a0a2)]
[228月2026 17:48:01.799] [main/DEBUG] [mixin/]: Adding mixin platform agents for container SecureJarResource(mixin_synthetic)
[228月2026 17:48:01.799] [main/DEBUG] [mixin/]: Instancing new MixinPlatformAgentMinecraftForge for SecureJarResource(mixin_synthetic)
[228月2026 17:48:01.800] [main/DEBUG] [mixin/]: MixinPlatformAgentMinecraftForge rejected container SecureJarResource(mixin_synthetic)
[228月2026 17:48:01.802] [main/DEBUG] [mixin/]: Instancing new MixinPlatformAgentDefault for SecureJarResource(mixin_synthetic)
[228月2026 17:48:01.804] [main/DEBUG] [mixin/]: MixinPlatformAgentDefault accepted container SecureJarResource(mixin_synthetic)
[228月2026 17:48:01.804] [main/DEBUG] [mixin/]: Instancing new FMLMixinPlatformAgent for SecureJarResource(mixin_synthetic)
[228月2026 17:48:01.805] [main/DEBUG] [mixin/]: FMLMixinPlatformAgent rejected container SecureJarResource(mixin_synthetic)
[228月2026 17:48:01.805] [main/DEBUG] [mixin/]: Processing prepare() for PlatformAgent[MixinPlatformAgentDefault:SecureJarResource(mixin_synthetic)]
[228月2026 17:48:01.806] [main/DEBUG] [mixin/]: Adding mixin platform agents for container SecureJarResource(minecraft)
[228月2026 17:48:01.807] [main/DEBUG] [mixin/]: Instancing new MixinPlatformAgentMinecraftForge for SecureJarResource(minecraft)
[228月2026 17:48:01.810] [main/DEBUG] [mixin/]: MixinPlatformAgentMinecraftForge rejected container SecureJarResource(minecraft)
[228月2026 17:48:01.810] [main/DEBUG] [mixin/]: Instancing new MixinPlatformAgentDefault for SecureJarResource(minecraft)
[228月2026 17:48:01.813] [main/DEBUG] [mixin/]: MixinPlatformAgentDefault accepted container SecureJarResource(minecraft)
[228月2026 17:48:01.814] [main/DEBUG] [mixin/]: Instancing new FMLMixinPlatformAgent for SecureJarResource(minecraft)
[228月2026 17:48:01.814] [main/DEBUG] [mixin/]: FMLMixinPlatformAgent rejected container SecureJarResource(minecraft)
[228月2026 17:48:01.814] [main/DEBUG] [mixin/]: Processing prepare() for PlatformAgent[MixinPlatformAgentDefault:SecureJarResource(minecraft)]
[228月2026 17:48:01.815] [main/DEBUG] [mixin/]: Adding mixin platform agents for container SecureJarResource(bendylib)
[228月2026 17:48:01.816] [main/DEBUG] [mixin/]: Instancing new MixinPlatformAgentMinecraftForge for SecureJarResource(bendylib)
[228月2026 17:48:01.817] [main/DEBUG] [mixin/]: MixinPlatformAgentMinecraftForge rejected container SecureJarResource(bendylib)
[228月2026 17:48:01.823] [main/DEBUG] [mixin/]: Instancing new MixinPlatformAgentDefault for SecureJarResource(bendylib)
[228月2026 17:48:01.828] [main/DEBUG] [mixin/]: MixinPlatformAgentDefault accepted container SecureJarResource(bendylib)
[228月2026 17:48:01.831] [main/DEBUG] [mixin/]: Instancing new FMLMixinPlatformAgent for SecureJarResource(bendylib)
[228月2026 17:48:01.831] [main/DEBUG] [mixin/]: FMLMixinPlatformAgent rejected container SecureJarResource(bendylib)
[228月2026 17:48:01.831] [main/DEBUG] [mixin/]: Processing prepare() for PlatformAgent[MixinPlatformAgentDefault:SecureJarResource(bendylib)]
[228月2026 17:48:01.832] [main/DEBUG] [mixin/]: Adding mixin platform agents for container SecureJarResource(jade)
[228月2026 17:48:01.832] [main/DEBUG] [mixin/]: Instancing new MixinPlatformAgentMinecraftForge for SecureJarResource(jade)
[228月2026 17:48:01.832] [main/DEBUG] [mixin/]: MixinPlatformAgentMinecraftForge rejected container SecureJarResource(jade)
[228月2026 17:48:01.832] [main/DEBUG] [mixin/]: Instancing new MixinPlatformAgentDefault for SecureJarResource(jade)
[228月2026 17:48:01.832] [main/DEBUG] [mixin/]: MixinPlatformAgentDefault accepted container SecureJarResource(jade)
[228月2026 17:48:01.832] [main/DEBUG] [mixin/]: Instancing new FMLMixinPlatformAgent for SecureJarResource(jade)
[228月2026 17:48:01.832] [main/DEBUG] [mixin/]: FMLMixinPlatformAgent rejected container SecureJarResource(jade)
[228月2026 17:48:01.834] [main/DEBUG] [mixin/]: Processing prepare() for PlatformAgent[MixinPlatformAgentDefault:SecureJarResource(jade)]
[228月2026 17:48:01.834] [main/DEBUG] [mixin/]: Registering mixin config: jade.mixins.json source=SecureJarResource(jade)
[228月2026 17:48:01.839] [main/DEBUG] [mixin/]: Adding mixin platform agents for container SecureJarResource(geckolib)
[228月2026 17:48:01.841] [main/DEBUG] [mixin/]: Instancing new MixinPlatformAgentMinecraftForge for SecureJarResource(geckolib)
[228月2026 17:48:01.841] [main/DEBUG] [mixin/]: MixinPlatformAgentMinecraftForge rejected container SecureJarResource(geckolib)
[228月2026 17:48:01.841] [main/DEBUG] [mixin/]: Instancing new MixinPlatformAgentDefault for SecureJarResource(geckolib)
[228月2026 17:48:01.842] [main/DEBUG] [mixin/]: MixinPlatformAgentDefault accepted container SecureJarResource(geckolib)
[228月2026 17:48:01.842] [main/DEBUG] [mixin/]: Instancing new FMLMixinPlatformAgent for SecureJarResource(geckolib)
[228月2026 17:48:01.842] [main/DEBUG] [mixin/]: FMLMixinPlatformAgent rejected container SecureJarResource(geckolib)
[228月2026 17:48:01.842] [main/DEBUG] [mixin/]: Processing prepare() for PlatformAgent[MixinPlatformAgentDefault:SecureJarResource(geckolib)]
[228月2026 17:48:01.842] [main/DEBUG] [mixin/]: Registering mixin config: geckolib.mixins.json source=SecureJarResource(geckolib)
[228月2026 17:48:01.843] [main/DEBUG] [mixin/]: Adding mixin platform agents for container SecureJarResource(restraint_dungeon)
[228月2026 17:48:01.843] [main/DEBUG] [mixin/]: Instancing new MixinPlatformAgentMinecraftForge for SecureJarResource(restraint_dungeon)
[228月2026 17:48:01.843] [main/DEBUG] [mixin/]: MixinPlatformAgentMinecraftForge rejected container SecureJarResource(restraint_dungeon)
[228月2026 17:48:01.843] [main/DEBUG] [mixin/]: Instancing new MixinPlatformAgentDefault for SecureJarResource(restraint_dungeon)
[228月2026 17:48:01.843] [main/DEBUG] [mixin/]: MixinPlatformAgentDefault accepted container SecureJarResource(restraint_dungeon)
[228月2026 17:48:01.843] [main/DEBUG] [mixin/]: Instancing new FMLMixinPlatformAgent for SecureJarResource(restraint_dungeon)
[228月2026 17:48:01.843] [main/DEBUG] [mixin/]: FMLMixinPlatformAgent rejected container SecureJarResource(restraint_dungeon)
[228月2026 17:48:01.846] [main/DEBUG] [mixin/]: Processing prepare() for PlatformAgent[MixinPlatformAgentDefault:SecureJarResource(restraint_dungeon)]
[228月2026 17:48:01.848] [main/DEBUG] [mixin/]: Adding mixin platform agents for container SecureJarResource(playeranimator)
[228月2026 17:48:01.848] [main/DEBUG] [mixin/]: Instancing new MixinPlatformAgentMinecraftForge for SecureJarResource(playeranimator)
[228月2026 17:48:01.848] [main/DEBUG] [mixin/]: MixinPlatformAgentMinecraftForge rejected container SecureJarResource(playeranimator)
[228月2026 17:48:01.848] [main/DEBUG] [mixin/]: Instancing new MixinPlatformAgentDefault for SecureJarResource(playeranimator)
[228月2026 17:48:01.848] [main/DEBUG] [mixin/]: MixinPlatformAgentDefault accepted container SecureJarResource(playeranimator)
[228月2026 17:48:01.852] [main/DEBUG] [mixin/]: Instancing new FMLMixinPlatformAgent for SecureJarResource(playeranimator)
[228月2026 17:48:01.852] [main/DEBUG] [mixin/]: FMLMixinPlatformAgent rejected container SecureJarResource(playeranimator)
[228月2026 17:48:01.852] [main/DEBUG] [mixin/]: Processing prepare() for PlatformAgent[MixinPlatformAgentDefault:SecureJarResource(playeranimator)]
[228月2026 17:48:01.853] [main/DEBUG] [mixin/]: Adding mixin platform agents for container SecureJarResource(mixinextras.neoforge)
[228月2026 17:48:01.853] [main/DEBUG] [mixin/]: Instancing new MixinPlatformAgentMinecraftForge for SecureJarResource(mixinextras.neoforge)
[228月2026 17:48:01.853] [main/DEBUG] [mixin/]: MixinPlatformAgentMinecraftForge rejected container SecureJarResource(mixinextras.neoforge)
[228月2026 17:48:01.853] [main/DEBUG] [mixin/]: Instancing new MixinPlatformAgentDefault for SecureJarResource(mixinextras.neoforge)
[228月2026 17:48:01.858] [main/DEBUG] [mixin/]: MixinPlatformAgentDefault accepted container SecureJarResource(mixinextras.neoforge)
[228月2026 17:48:01.859] [main/DEBUG] [mixin/]: Instancing new FMLMixinPlatformAgent for SecureJarResource(mixinextras.neoforge)
[228月2026 17:48:01.859] [main/DEBUG] [mixin/]: FMLMixinPlatformAgent rejected container SecureJarResource(mixinextras.neoforge)
[228月2026 17:48:01.860] [main/DEBUG] [mixin/]: Processing prepare() for PlatformAgent[MixinPlatformAgentDefault:SecureJarResource(mixinextras.neoforge)]
[228月2026 17:48:01.861] [main/DEBUG] [mixin/]: Registering mixin config: mixinextras.init.mixins.json source=SecureJarResource(mixinextras.neoforge)
[228月2026 17:48:01.867] [main/DEBUG] [mixin/]: inject() running with 10 agents
[228月2026 17:48:01.868] [main/DEBUG] [mixin/]: Processing inject() for PlatformAgent[MixinPlatformAgentDefault:ModLauncher Root Container(ModLauncher:4f56a0a2)]
[228月2026 17:48:01.869] [main/DEBUG] [mixin/]: Processing inject() for PlatformAgent[MixinPlatformAgentDefault:net.neoforged.fml.loading.mixin.FMLMixinContainerHandle@7b2a3ff8]
[228月2026 17:48:01.872] [main/DEBUG] [mixin/]: Processing inject() for PlatformAgent[FMLMixinPlatformAgent:null]
[228月2026 17:48:01.873] [main/DEBUG] [mixin/]: Processing inject() for PlatformAgent[MixinPlatformAgentDefault:SecureJarResource(mixin_synthetic)]
[228月2026 17:48:01.873] [main/DEBUG] [mixin/]: Processing inject() for PlatformAgent[MixinPlatformAgentDefault:SecureJarResource(minecraft)]
[228月2026 17:48:01.873] [main/DEBUG] [mixin/]: Processing inject() for PlatformAgent[MixinPlatformAgentDefault:SecureJarResource(bendylib)]
[228月2026 17:48:01.873] [main/DEBUG] [mixin/]: Processing inject() for PlatformAgent[MixinPlatformAgentDefault:SecureJarResource(jade)]
[228月2026 17:48:01.873] [main/DEBUG] [mixin/]: Processing inject() for PlatformAgent[MixinPlatformAgentDefault:SecureJarResource(geckolib)]
[228月2026 17:48:01.873] [main/DEBUG] [mixin/]: Processing inject() for PlatformAgent[MixinPlatformAgentDefault:SecureJarResource(restraint_dungeon)]
[228月2026 17:48:01.873] [main/DEBUG] [mixin/]: Processing inject() for PlatformAgent[MixinPlatformAgentDefault:SecureJarResource(playeranimator)]
[228月2026 17:48:01.874] [main/DEBUG] [mixin/]: Processing inject() for PlatformAgent[MixinPlatformAgentDefault:SecureJarResource(mixinextras.neoforge)]
[228月2026 17:48:01.875] [main/INFO] [cpw.mods.modlauncher.LaunchServiceHandler/MODLAUNCHER]: Launching target 'forgeserverdev' with arguments [--gameDir, ., --nogui]
[228月2026 17:48:02.136] [main/DEBUG] [mixin/]: Preparing mixins for MixinEnvironment[DEFAULT]
[228月2026 17:48:02.137] [main/DEBUG] [mixin/]: Selecting config bendylib.mixins.json
[228月2026 17:48:02.146] [main/DEBUG] [mixin/]: Selecting config jade.mixins.json
[228月2026 17:48:02.146] [main/DEBUG] [mixin/]: Selecting config geckolib.mixins.json
[228月2026 17:48:02.153] [main/WARN] [mixin/]: Reference map 'geckolib.refmap.json' for geckolib.mixins.json could not be read. If this is a development environment you can ignore this message
[228月2026 17:48:02.156] [main/DEBUG] [mixin/]: Selecting config restraint_dungeon.mixins.json
[228月2026 17:48:02.157] [main/DEBUG] [mixin/]: Selecting config playerAnimator-common.mixins.json
[228月2026 17:48:02.168] [main/DEBUG] [mixin/]: Selecting config neoforge.mixins.json
[228月2026 17:48:02.169] [main/DEBUG] [mixin/]: Selecting config mixinextras.init.mixins.json
[228月2026 17:48:02.375] [main/DEBUG] [MixinExtras|Service/]: com.llamalad7.mixinextras.service.MixinExtrasServiceImpl(version=0.5.3) is taking over from null
[228月2026 17:48:02.607] [main/DEBUG] [mixin/]: Registering new injector for @Inject with org.spongepowered.asm.mixin.injection.struct.CallbackInjectionInfo
[228月2026 17:48:02.610] [main/DEBUG] [mixin/]: Registering new injector for @ModifyArg with org.spongepowered.asm.mixin.injection.struct.ModifyArgInjectionInfo
[228月2026 17:48:02.614] [main/DEBUG] [mixin/]: Registering new injector for @ModifyArgs with org.spongepowered.asm.mixin.injection.struct.ModifyArgsInjectionInfo
[228月2026 17:48:02.628] [main/DEBUG] [mixin/]: Registering new injector for @Redirect with org.spongepowered.asm.mixin.injection.struct.RedirectInjectionInfo
[228月2026 17:48:02.640] [main/DEBUG] [mixin/]: Registering new injector for @ModifyVariable with org.spongepowered.asm.mixin.injection.struct.ModifyVariableInjectionInfo
[228月2026 17:48:02.658] [main/DEBUG] [mixin/]: Registering new injector for @ModifyConstant with org.spongepowered.asm.mixin.injection.struct.ModifyConstantInjectionInfo
[228月2026 17:48:02.816] [main/DEBUG] [mixin/]: Preparing bendylib.mixins.json (2)
[228月2026 17:48:02.817] [main/DEBUG] [mixin/]: Preparing jade.mixins.json (6)
[228月2026 17:48:03.535] [main/DEBUG] [mixin/]: Preparing geckolib.mixins.json (7)
[228月2026 17:48:04.235] [main/DEBUG] [mixin/]: Preparing restraint_dungeon.mixins.json (7)
[228月2026 17:48:04.328] [main/DEBUG] [mixin/]: Preparing playerAnimator-common.mixins.json (17)
[228月2026 17:48:04.329] [main/DEBUG] [mixin/]: Preparing neoforge.mixins.json (2)
[228月2026 17:48:04.389] [main/DEBUG] [mixin/]: Preparing mixinextras.init.mixins.json (0)
[228月2026 17:48:04.543] [main/DEBUG] [mixin/]: Prepared 10 mixins in 2.345 sec (234.5ms avg) (0ms load, 0ms transform, 0ms plugin)
[228月2026 17:48:04.694] [main/DEBUG] [io.netty.util.internal.logging.InternalLoggerFactory/]: Using SLF4J as the default logging framework
[228月2026 17:48:04.709] [main/DEBUG] [io.netty.util.ResourceLeakDetector/]: -Dio.netty.leakDetection.level: simple
[228月2026 17:48:04.710] [main/DEBUG] [io.netty.util.ResourceLeakDetector/]: -Dio.netty.leakDetection.targetRecords: 4
[228月2026 17:48:05.425] [main/DEBUG] [oshi.util.FileUtil/]: No oshi.properties file found from ClassLoader cpw.mods.modlauncher.TransformingClassLoader@60e5272
[228月2026 17:48:06.081] [main/DEBUG] [oshi.util.FileUtil/]: No oshi.architecture.properties file found from ClassLoader cpw.mods.modlauncher.TransformingClassLoader@60e5272
[228月2026 17:48:07.049] [main/INFO] [MixinExtras|Service/]: Initializing MixinExtras via com.llamalad7.mixinextras.service.MixinExtrasServiceImpl(version=0.5.3).
[228月2026 17:48:07.050] [main/DEBUG] [mixin/]: Registering new injector for @SugarWrapper with com.llamalad7.mixinextras.sugar.impl.SugarWrapperInjectionInfo
[228月2026 17:48:07.051] [main/DEBUG] [mixin/]: Registering new injector for @FactoryRedirectWrapper with com.llamalad7.mixinextras.wrapper.factory.FactoryRedirectWrapperInjectionInfo
[228月2026 17:48:07.051] [main/DEBUG] [mixin/]: Registering new injector for @ExpressionInjectorWrapper with com.llamalad7.mixinextras.expression.impl.wrapper.ExpressionInjectorWrapperInjectionInfo
[228月2026 17:48:07.065] [main/DEBUG] [mixin/]: Mixing MappedRegistryAccessor from neoforge.mixins.json into net.minecraft.core.MappedRegistry
[228月2026 17:48:07.535] [main/DEBUG] [mixin/]: Mixing EntityAccess from jade.mixins.json into net.minecraft.world.entity.Entity
[228月2026 17:48:07.541] [main/DEBUG] [mixin/]: jade.mixins.json:EntityAccess from mod jade: Class version 65 required is higher than the class version supported by the current version of Mixin (JAVA_16 supports class version 60)
[228月2026 17:48:07.543] [main/DEBUG] [mixin/]: Mixing MixinEntity from restraint_dungeon.mixins.json into net.minecraft.world.entity.Entity
[228月2026 17:48:07.675] [main/DEBUG] [mixin/]: restraint_dungeon.mixins.json:MixinEntity from mod restraint_dungeon->@Inject::denyPassengerChangeDimension(Lorg/spongepowered/asm/mixin/injection/callback/CallbackInfoReturnable;)V does use it's CallbackInfoReturnable
[228月2026 17:48:07.676] [main/DEBUG] [mixin/]: restraint_dungeon.mixins.json:MixinEntity from mod restraint_dungeon->@Inject::onGetPassengerAttachmentPoint(Lnet/minecraft/world/entity/Entity;Lnet/minecraft/world/entity/EntityDimensions;FLorg/spongepowered/asm/mixin/injection/callback/CallbackInfoReturnable;)V does use it's CallbackInfoReturnable
[228月2026 17:48:07.676] [main/DEBUG] [mixin/]: restraint_dungeon.mixins.json:MixinEntity from mod restraint_dungeon->@Inject::onPositionRiderAngles(Lnet/minecraft/world/entity/Entity;Lnet/minecraft/world/entity/Entity$MoveFunction;Lorg/spongepowered/asm/mixin/injection/callback/CallbackInfo;)V doesn't use it's CallbackInfo
[228月2026 17:48:07.677] [main/DEBUG] [mixin/]: restraint_dungeon.mixins.json:MixinEntity from mod restraint_dungeon->@Inject::onPositionRiderAngles(Lnet/minecraft/world/entity/Entity;Lnet/minecraft/world/entity/Entity$MoveFunction;Lorg/spongepowered/asm/mixin/injection/callback/CallbackInfo;)V has 0 override(s) in child classes
[228月2026 17:48:07.677] [main/DEBUG] [mixin/]: restraint_dungeon.mixins.json:MixinEntity from mod restraint_dungeon->@Inject::onPositionRiderAngles(Lnet/minecraft/world/entity/Entity;Lnet/minecraft/world/entity/Entity$MoveFunction;Lorg/spongepowered/asm/mixin/injection/callback/CallbackInfo;)V won't be passed a CallbackInfo as a result
[228月2026 17:48:07.779] [main/DEBUG] [mixin/]: Mixing common.LivingEntityMixin from geckolib.mixins.json into net.minecraft.world.entity.LivingEntity
[228月2026 17:48:07.779] [main/DEBUG] [mixin/]: geckolib.mixins.json:common.LivingEntityMixin from mod geckolib: Class version 65 required is higher than the class version supported by the current version of Mixin (JAVA_17 supports class version 61)
[228月2026 17:48:13.675] [main/DEBUG] [mixin/]: Mixing BlockEntityTypeAccessor from neoforge.mixins.json into net.minecraft.world.level.block.entity.BlockEntityType
[228月2026 17:48:13.810] [main/DEBUG] [mixin/]: Mixing common.AbstractContainerMenuMixin from geckolib.mixins.json into net.minecraft.world.inventory.AbstractContainerMenu
[228月2026 17:48:13.810] [main/DEBUG] [mixin/]: geckolib.mixins.json:common.AbstractContainerMenuMixin from mod geckolib: Class version 65 required is higher than the class version supported by the current version of Mixin (JAVA_17 supports class version 61)
[228月2026 17:48:13.936] [main/DEBUG] [mixin/]: Mixing AbstractFurnaceBlockEntityAccess from jade.mixins.json into net.minecraft.world.level.block.entity.AbstractFurnaceBlockEntity
[228月2026 17:48:13.941] [main/DEBUG] [mixin/]: jade.mixins.json:AbstractFurnaceBlockEntityAccess from mod jade: Class version 65 required is higher than the class version supported by the current version of Mixin (JAVA_16 supports class version 60)
[228月2026 17:48:14.294] [main/DEBUG] [mixin/]: Mixing common.ItemStackMixin from geckolib.mixins.json into net.minecraft.world.item.ItemStack
[228月2026 17:48:14.294] [main/DEBUG] [mixin/]: geckolib.mixins.json:common.ItemStackMixin from mod geckolib: Class version 65 required is higher than the class version supported by the current version of Mixin (JAVA_17 supports class version 61)
[228月2026 17:48:18.501] [main/DEBUG] [io.netty.util.internal.PlatformDependent0/]: -Dio.netty.noUnsafe: false
[228月2026 17:48:18.503] [main/DEBUG] [io.netty.util.internal.PlatformDependent0/]: Java version: 21
[228月2026 17:48:18.505] [main/DEBUG] [io.netty.util.internal.PlatformDependent0/]: sun.misc.Unsafe.theUnsafe: available
[228月2026 17:48:18.506] [main/DEBUG] [io.netty.util.internal.PlatformDependent0/]: sun.misc.Unsafe.copyMemory: available
[228月2026 17:48:18.507] [main/DEBUG] [io.netty.util.internal.PlatformDependent0/]: sun.misc.Unsafe.storeFence: available
[228月2026 17:48:18.507] [main/DEBUG] [io.netty.util.internal.PlatformDependent0/]: java.nio.Buffer.address: available
[228月2026 17:48:18.510] [main/DEBUG] [io.netty.util.internal.PlatformDependent0/]: direct buffer constructor: unavailable: Reflective setAccessible(true) disabled
[228月2026 17:48:18.511] [main/DEBUG] [io.netty.util.internal.PlatformDependent0/]: java.nio.Bits.unaligned: available, true
[228月2026 17:48:18.514] [main/DEBUG] [io.netty.util.internal.PlatformDependent0/]: jdk.internal.misc.Unsafe.allocateUninitializedArray(int): unavailable: class io.netty.util.internal.PlatformDependent0$7 (in module io.netty.common) cannot access class jdk.internal.misc.Unsafe (in module java.base) because module java.base does not export jdk.internal.misc to module io.netty.common
[228月2026 17:48:18.516] [main/DEBUG] [io.netty.util.internal.PlatformDependent0/]: java.nio.DirectByteBuffer.<init>(long, {int,long}): unavailable
[228月2026 17:48:18.516] [main/DEBUG] [io.netty.util.internal.PlatformDependent/]: sun.misc.Unsafe: available
[228月2026 17:48:18.518] [main/DEBUG] [io.netty.util.internal.PlatformDependent/]: maxDirectMemory: 4223664128 bytes (maybe)
[228月2026 17:48:18.518] [main/DEBUG] [io.netty.util.internal.PlatformDependent/]: -Dio.netty.tmpdir: C:\Users\20535\AppData\Local\Temp (java.io.tmpdir)
[228月2026 17:48:18.521] [main/DEBUG] [io.netty.util.internal.PlatformDependent/]: -Dio.netty.bitMode: 64 (sun.arch.data.model)
[228月2026 17:48:18.522] [main/DEBUG] [io.netty.util.internal.PlatformDependent/]: Platform: Windows
[228月2026 17:48:18.525] [main/DEBUG] [io.netty.util.internal.PlatformDependent/]: -Dio.netty.maxDirectMemory: -1 bytes
[228月2026 17:48:18.527] [main/DEBUG] [io.netty.util.internal.PlatformDependent/]: -Dio.netty.uninitializedArrayAllocationThreshold: -1
[228月2026 17:48:18.534] [main/DEBUG] [io.netty.util.internal.CleanerJava9/]: java.nio.ByteBuffer.cleaner(): available
[228月2026 17:48:18.534] [main/DEBUG] [io.netty.util.internal.PlatformDependent/]: -Dio.netty.noPreferDirect: false
[228月2026 17:48:34.732] [main/WARN] [net.minecraft.commands.Commands/]: Ambiguity between arguments [teleport, location] and [teleport, destination] with inputs: [0.1 -0.5 .9, 0 0 0]
[228月2026 17:48:34.737] [main/WARN] [net.minecraft.commands.Commands/]: Ambiguity between arguments [teleport, location] and [teleport, targets] with inputs: [0.1 -0.5 .9, 0 0 0]
[228月2026 17:48:34.746] [main/WARN] [net.minecraft.commands.Commands/]: Ambiguity between arguments [teleport, destination] and [teleport, targets] with inputs: [Player, 0123, @e, dd12be42-52a9-4a91-a8a1-11c01849e498]
[228月2026 17:48:34.749] [main/WARN] [net.minecraft.commands.Commands/]: Ambiguity between arguments [teleport, targets] and [teleport, destination] with inputs: [Player, 0123, dd12be42-52a9-4a91-a8a1-11c01849e498]
[228月2026 17:48:34.751] [main/WARN] [net.minecraft.commands.Commands/]: Ambiguity between arguments [teleport, targets, location] and [teleport, targets, destination] with inputs: [0.1 -0.5 .9, 0 0 0]
[228月2026 17:48:34.903] [main/DEBUG] [net.neoforged.fml.ModWorkManager/LOADING]: Using 16 threads for parallel mod-loading
[228月2026 17:48:34.948] [main/DEBUG] [net.neoforged.fml.javafmlmod.FMLModContainer/LOADING]: Creating FMLModContainer instance for []
[228月2026 17:48:34.952] [main/DEBUG] [net.neoforged.fml.javafmlmod.FMLModContainer/LOADING]: Creating FMLModContainer instance for [snownee.jade.util.CommonProxy]
[228月2026 17:48:34.956] [main/DEBUG] [net.neoforged.fml.javafmlmod.FMLModContainer/LOADING]: Creating FMLModContainer instance for [software.bernie.geckolib.GeckoLib]
[228月2026 17:48:34.957] [main/DEBUG] [net.neoforged.fml.javafmlmod.FMLModContainer/LOADING]: Creating FMLModContainer instance for [com.twi.restraint_dungeon.RestraintDungeon]
[228月2026 17:48:34.963] [main/DEBUG] [net.neoforged.fml.javafmlmod.FMLModContainer/LOADING]: Creating FMLModContainer instance for []
[228月2026 17:48:34.964] [main/DEBUG] [net.neoforged.fml.javafmlmod.FMLModContainer/LOADING]: Creating FMLModContainer instance for [net.neoforged.neoforge.common.NeoForgeMod]
[228月2026 17:48:34.983] [modloading-worker-0/DEBUG] [net.neoforged.fml.javafmlmod.AutomaticEventSubscriber/LOADING]: Attempting to inject @EventBusSubscriber classes into the eventbus for bendylib
[228月2026 17:48:34.993] [modloading-worker-0/DEBUG] [net.neoforged.fml.javafmlmod.AutomaticEventSubscriber/LOADING]: Attempting to inject @EventBusSubscriber classes into the eventbus for playeranimator
[228月2026 17:48:35.027] [modloading-worker-0/DEBUG] [net.neoforged.fml.javafmlmod.AutomaticEventSubscriber/LOADING]: Attempting to inject @EventBusSubscriber classes into the eventbus for jade
[228月2026 17:48:35.030] [modloading-worker-0/DEBUG] [GeckoLib/]: Loaded software.bernie.geckolib.platform.GeckoLibNeoForge@3155648b for service interface software.bernie.geckolib.service.GeckoLibPlatform
[228月2026 17:48:35.031] [modloading-worker-0/DEBUG] [GeckoLib/]: Loaded software.bernie.geckolib.network.GeckoLibNetworkingNeoForge@23c9b86e for service interface software.bernie.geckolib.service.GeckoLibNetworking
[228月2026 17:48:35.047] [modloading-worker-0/DEBUG] [net.neoforged.fml.javafmlmod.AutomaticEventSubscriber/LOADING]: Attempting to inject @EventBusSubscriber classes into the eventbus for geckolib
[228月2026 17:48:35.104] [modloading-worker-0/DEBUG] [net.neoforged.neoforge.internal.versions.neoforge.NeoForgeVersion/CORE]: Found NeoForge version 21.1.233
[228月2026 17:48:35.126] [modloading-worker-0/DEBUG] [net.neoforged.neoforge.internal.versions.neoforge.NeoForgeVersion/CORE]: Found FML version 4.0.42
[228月2026 17:48:35.127] [modloading-worker-0/INFO] [net.neoforged.neoforge.common.NeoForgeMod/NEOFORGE-MOD]: NeoForge mod loading, version 21.1.233, for MC 1.21.1
[228月2026 17:48:35.253] [modloading-worker-0/DEBUG] [net.neoforged.fml.config.ConfigTracker/CONFIG]: Config file neoforge-client.toml for neoforge tracking
[228月2026 17:48:35.254] [modloading-worker-0/DEBUG] [net.neoforged.fml.config.ConfigTracker/CONFIG]: Config file neoforge-server.toml for neoforge tracking
[228月2026 17:48:35.254] [modloading-worker-0/DEBUG] [net.neoforged.fml.config.ConfigTracker/CONFIG]: Config file neoforge-common.toml for neoforge tracking
[228月2026 17:48:35.521] [modloading-worker-0/DEBUG] [net.neoforged.fml.javafmlmod.AutomaticEventSubscriber/LOADING]: Attempting to inject @EventBusSubscriber classes into the eventbus for neoforge
[228月2026 17:48:35.522] [modloading-worker-0/DEBUG] [net.neoforged.fml.javafmlmod.AutomaticEventSubscriber/LOADING]: Scanning class net.neoforged.neoforge.network.filters.GenericPacketSplitter for @SubscribeEvent-annotated methods
[228月2026 17:48:35.558] [modloading-worker-0/DEBUG] [net.neoforged.fml.javafmlmod.AutomaticEventSubscriber/LOADING]: Attempting to inject @EventBusSubscriber classes into the eventbus for restraint_dungeon
[228月2026 17:48:35.560] [modloading-worker-0/DEBUG] [net.neoforged.fml.javafmlmod.AutomaticEventSubscriber/LOADING]: Scanning class com.twi.restraint_dungeon.action.utils.ActionManager for @SubscribeEvent-annotated methods
[228月2026 17:48:35.561] [modloading-worker-0/DEBUG] [net.neoforged.fml.javafmlmod.AutomaticEventSubscriber/]: Subscribing @EventBusSubscriber class Lcom/twi/restraint_dungeon/action/utils/ActionManager; to the game event bus
[228月2026 17:48:35.563] [modloading-worker-0/DEBUG] [net.neoforged.fml.javafmlmod.AutomaticEventSubscriber/LOADING]: Scanning class com.twi.restraint_dungeon.action.utils.PlayerActionEvents for @SubscribeEvent-annotated methods
[228月2026 17:48:35.565] [modloading-worker-0/DEBUG] [net.neoforged.fml.javafmlmod.AutomaticEventSubscriber/]: Subscribing @EventBusSubscriber class Lcom/twi/restraint_dungeon/action/utils/PlayerActionEvents; to the game event bus
[228月2026 17:48:35.567] [modloading-worker-0/DEBUG] [net.neoforged.fml.javafmlmod.AutomaticEventSubscriber/LOADING]: Scanning class com.twi.restraint_dungeon.animation.PlayerAnimationControllerEvent for @SubscribeEvent-annotated methods
[228月2026 17:48:35.590] [modloading-worker-0/DEBUG] [net.neoforged.fml.javafmlmod.AutomaticEventSubscriber/]: Subscribing @EventBusSubscriber class Lcom/twi/restraint_dungeon/animation/PlayerAnimationControllerEvent; to the game event bus
[228月2026 17:48:35.590] [modloading-worker-0/DEBUG] [io.netty.buffer.AbstractByteBuf/]: -Dio.netty.buffer.checkAccessible: true
[228月2026 17:48:35.591] [modloading-worker-0/DEBUG] [io.netty.buffer.AbstractByteBuf/]: -Dio.netty.buffer.checkBounds: true
[228月2026 17:48:35.592] [modloading-worker-0/DEBUG] [io.netty.util.ResourceLeakDetectorFactory/]: Loaded default ResourceLeakDetector: io.netty.util.ResourceLeakDetector@681ea08b
[228月2026 17:48:35.602] [modloading-worker-0/DEBUG] [net.neoforged.fml.javafmlmod.AutomaticEventSubscriber/LOADING]: Scanning class com.twi.restraint_dungeon.attachment.attributes.ModAttributesRegisterEvent for @SubscribeEvent-annotated methods
[228月2026 17:48:35.606] [modloading-worker-0/DEBUG] [net.neoforged.fml.javafmlmod.AutomaticEventSubscriber/]: Subscribing @EventBusSubscriber class Lcom/twi/restraint_dungeon/attachment/attributes/ModAttributesRegisterEvent; to the mod event bus of mod restraint_dungeon
[228月2026 17:48:35.612] [modloading-worker-0/DEBUG] [net.neoforged.fml.javafmlmod.AutomaticEventSubscriber/LOADING]: Scanning class com.twi.restraint_dungeon.client.command.ModCommandRegisterEvents for @SubscribeEvent-annotated methods
[228月2026 17:48:35.623] [modloading-worker-0/DEBUG] [net.neoforged.fml.javafmlmod.AutomaticEventSubscriber/]: Subscribing @EventBusSubscriber class Lcom/twi/restraint_dungeon/client/command/ModCommandRegisterEvents; to the game event bus
[228月2026 17:48:35.623] [modloading-worker-0/DEBUG] [net.neoforged.fml.javafmlmod.AutomaticEventSubscriber/LOADING]: Scanning class com.twi.restraint_dungeon.effect.ModBrewingRecipes for @SubscribeEvent-annotated methods
[228月2026 17:48:35.626] [modloading-worker-0/DEBUG] [net.neoforged.fml.javafmlmod.AutomaticEventSubscriber/]: Subscribing @EventBusSubscriber class Lcom/twi/restraint_dungeon/effect/ModBrewingRecipes; to the game event bus
[228月2026 17:48:35.626] [modloading-worker-0/DEBUG] [io.netty.util.internal.InternalThreadLocalMap/]: -Dio.netty.threadLocalMap.stringBuilder.initialSize: 1024
[228月2026 17:48:35.627] [modloading-worker-0/DEBUG] [io.netty.util.internal.InternalThreadLocalMap/]: -Dio.netty.threadLocalMap.stringBuilder.maxSize: 4096
[228月2026 17:48:35.627] [modloading-worker-0/DEBUG] [net.neoforged.fml.javafmlmod.AutomaticEventSubscriber/LOADING]: Scanning class com.twi.restraint_dungeon.entity.npc.ModNPCRegisterEvents for @SubscribeEvent-annotated methods
[228月2026 17:48:35.632] [modloading-worker-0/DEBUG] [net.neoforged.fml.javafmlmod.AutomaticEventSubscriber/]: Subscribing @EventBusSubscriber class Lcom/twi/restraint_dungeon/entity/npc/ModNPCRegisterEvents; to the mod event bus of mod restraint_dungeon
[228月2026 17:48:35.634] [modloading-worker-0/DEBUG] [net.neoforged.fml.javafmlmod.AutomaticEventSubscriber/LOADING]: Scanning class com.twi.restraint_dungeon.event.mod_event.kidnap.PlayerKidnapServerEvent for @SubscribeEvent-annotated methods
[228月2026 17:48:35.636] [modloading-worker-0/DEBUG] [net.neoforged.fml.javafmlmod.AutomaticEventSubscriber/]: Subscribing @EventBusSubscriber class Lcom/twi/restraint_dungeon/event/mod_event/kidnap/PlayerKidnapServerEvent; to the game event bus
[228月2026 17:48:35.646] [modloading-worker-0/DEBUG] [net.neoforged.fml.javafmlmod.AutomaticEventSubscriber/LOADING]: Scanning class com.twi.restraint_dungeon.event.mod_event.player_carry.PlayerCarryEvent for @SubscribeEvent-annotated methods
[228月2026 17:48:35.659] [modloading-worker-0/DEBUG] [io.netty.buffer.PooledByteBufAllocator/]: -Dio.netty.allocator.numHeapArenas: 32
[228月2026 17:48:35.659] [modloading-worker-0/DEBUG] [io.netty.buffer.PooledByteBufAllocator/]: -Dio.netty.allocator.numDirectArenas: 32
[228月2026 17:48:35.659] [modloading-worker-0/DEBUG] [io.netty.buffer.PooledByteBufAllocator/]: -Dio.netty.allocator.pageSize: 8192
[228月2026 17:48:35.660] [modloading-worker-0/DEBUG] [io.netty.buffer.PooledByteBufAllocator/]: -Dio.netty.allocator.maxOrder: 9
[228月2026 17:48:35.660] [modloading-worker-0/DEBUG] [io.netty.buffer.PooledByteBufAllocator/]: -Dio.netty.allocator.chunkSize: 4194304
[228月2026 17:48:35.660] [modloading-worker-0/DEBUG] [io.netty.buffer.PooledByteBufAllocator/]: -Dio.netty.allocator.smallCacheSize: 256
[228月2026 17:48:35.660] [modloading-worker-0/DEBUG] [io.netty.buffer.PooledByteBufAllocator/]: -Dio.netty.allocator.normalCacheSize: 64
[228月2026 17:48:35.660] [modloading-worker-0/DEBUG] [io.netty.buffer.PooledByteBufAllocator/]: -Dio.netty.allocator.maxCachedBufferCapacity: 32768
[228月2026 17:48:35.660] [modloading-worker-0/DEBUG] [io.netty.buffer.PooledByteBufAllocator/]: -Dio.netty.allocator.cacheTrimInterval: 8192
[228月2026 17:48:35.660] [modloading-worker-0/DEBUG] [io.netty.buffer.PooledByteBufAllocator/]: -Dio.netty.allocator.cacheTrimIntervalMillis: 0
[228月2026 17:48:35.660] [modloading-worker-0/DEBUG] [io.netty.buffer.PooledByteBufAllocator/]: -Dio.netty.allocator.useCacheForAllThreads: false
[228月2026 17:48:35.660] [modloading-worker-0/DEBUG] [io.netty.buffer.PooledByteBufAllocator/]: -Dio.netty.allocator.maxCachedByteBuffersPerChunk: 1023
[228月2026 17:48:35.662] [modloading-worker-0/DEBUG] [net.neoforged.fml.javafmlmod.AutomaticEventSubscriber/]: Subscribing @EventBusSubscriber class Lcom/twi/restraint_dungeon/event/mod_event/player_carry/PlayerCarryEvent; to the game event bus
[228月2026 17:48:35.668] [modloading-worker-0/DEBUG] [net.neoforged.fml.javafmlmod.AutomaticEventSubscriber/LOADING]: Scanning class com.twi.restraint_dungeon.event.mod_event.player_leash.PlayerLeashEventHandler for @SubscribeEvent-annotated methods
[228月2026 17:48:35.671] [modloading-worker-0/DEBUG] [net.neoforged.fml.javafmlmod.AutomaticEventSubscriber/]: Subscribing @EventBusSubscriber class Lcom/twi/restraint_dungeon/event/mod_event/player_leash/PlayerLeashEventHandler; to the game event bus
[228月2026 17:48:35.676] [modloading-worker-0/DEBUG] [net.neoforged.fml.javafmlmod.AutomaticEventSubscriber/LOADING]: Scanning class com.twi.restraint_dungeon.event.mod_event.pleasant.decrease_event.DecayProximityBlockHandler for @SubscribeEvent-annotated methods
[228月2026 17:48:35.679] [modloading-worker-0/DEBUG] [net.neoforged.fml.javafmlmod.AutomaticEventSubscriber/]: Subscribing @EventBusSubscriber class Lcom/twi/restraint_dungeon/event/mod_event/pleasant/decrease_event/DecayProximityBlockHandler; to the game event bus
[228月2026 17:48:35.682] [modloading-worker-0/DEBUG] [net.neoforged.fml.javafmlmod.AutomaticEventSubscriber/LOADING]: Scanning class com.twi.restraint_dungeon.event.mod_event.pleasant.decrease_event.DecayStandingBlockHandler for @SubscribeEvent-annotated methods
[228月2026 17:48:35.685] [modloading-worker-0/DEBUG] [net.neoforged.fml.javafmlmod.AutomaticEventSubscriber/]: Subscribing @EventBusSubscriber class Lcom/twi/restraint_dungeon/event/mod_event/pleasant/decrease_event/DecayStandingBlockHandler; to the game event bus
[228月2026 17:48:35.686] [modloading-worker-0/DEBUG] [net.neoforged.fml.javafmlmod.AutomaticEventSubscriber/LOADING]: Scanning class com.twi.restraint_dungeon.event.mod_event.pleasant.decrease_event.NormalDecayHandler for @SubscribeEvent-annotated methods
[228月2026 17:48:35.688] [modloading-worker-0/DEBUG] [net.neoforged.fml.javafmlmod.AutomaticEventSubscriber/]: Subscribing @EventBusSubscriber class Lcom/twi/restraint_dungeon/event/mod_event/pleasant/decrease_event/NormalDecayHandler; to the game event bus
[228月2026 17:48:35.690] [modloading-worker-0/DEBUG] [net.neoforged.fml.javafmlmod.AutomaticEventSubscriber/LOADING]: Scanning class com.twi.restraint_dungeon.event.mod_event.pleasant.increase_event.PleasantCrouchingHandler for @SubscribeEvent-annotated methods
[228月2026 17:48:35.698] [modloading-worker-0/DEBUG] [net.neoforged.fml.javafmlmod.AutomaticEventSubscriber/]: Subscribing @EventBusSubscriber class Lcom/twi/restraint_dungeon/event/mod_event/pleasant/increase_event/PleasantCrouchingHandler; to the game event bus
[228月2026 17:48:35.700] [modloading-worker-0/DEBUG] [io.netty.buffer.ByteBufUtil/]: -Dio.netty.allocator.type: pooled
[228月2026 17:48:35.700] [modloading-worker-0/DEBUG] [io.netty.buffer.ByteBufUtil/]: -Dio.netty.threadLocalDirectBufferSize: 0
[228月2026 17:48:35.701] [modloading-worker-0/DEBUG] [io.netty.buffer.ByteBufUtil/]: -Dio.netty.maxThreadLocalCharBufferSize: 16384
[228月2026 17:48:35.704] [modloading-worker-0/DEBUG] [net.neoforged.fml.javafmlmod.AutomaticEventSubscriber/LOADING]: Scanning class com.twi.restraint_dungeon.event.mod_event.pleasant.increase_event.PleasantJumpingHandler for @SubscribeEvent-annotated methods
[228月2026 17:48:35.710] [modloading-worker-0/DEBUG] [net.neoforged.fml.javafmlmod.AutomaticEventSubscriber/]: Subscribing @EventBusSubscriber class Lcom/twi/restraint_dungeon/event/mod_event/pleasant/increase_event/PleasantJumpingHandler; to the game event bus
[228月2026 17:48:35.716] [modloading-worker-0/DEBUG] [net.neoforged.fml.javafmlmod.AutomaticEventSubscriber/LOADING]: Scanning class com.twi.restraint_dungeon.event.mod_event.pleasant.increase_event.PleasantProximityBlockHandler for @SubscribeEvent-annotated methods
[228月2026 17:48:35.719] [modloading-worker-0/DEBUG] [net.neoforged.fml.javafmlmod.AutomaticEventSubscriber/]: Subscribing @EventBusSubscriber class Lcom/twi/restraint_dungeon/event/mod_event/pleasant/increase_event/PleasantProximityBlockHandler; to the game event bus
[228月2026 17:48:35.720] [modloading-worker-0/DEBUG] [net.neoforged.fml.javafmlmod.AutomaticEventSubscriber/LOADING]: Scanning class com.twi.restraint_dungeon.event.mod_event.pleasant.increase_event.PleasantRestraintMovingHandler for @SubscribeEvent-annotated methods
[228月2026 17:48:35.726] [modloading-worker-0/DEBUG] [net.neoforged.fml.javafmlmod.AutomaticEventSubscriber/]: Subscribing @EventBusSubscriber class Lcom/twi/restraint_dungeon/event/mod_event/pleasant/increase_event/PleasantRestraintMovingHandler; to the game event bus
[228月2026 17:48:35.729] [modloading-worker-0/DEBUG] [net.neoforged.fml.javafmlmod.AutomaticEventSubscriber/LOADING]: Scanning class com.twi.restraint_dungeon.event.mod_event.pleasant.increase_event.PleasantRidingHandler for @SubscribeEvent-annotated methods
[228月2026 17:48:35.732] [modloading-worker-0/DEBUG] [net.neoforged.fml.javafmlmod.AutomaticEventSubscriber/]: Subscribing @EventBusSubscriber class Lnet/neoforged/neoforge/network/filters/GenericPacketSplitter; to the mod event bus of mod neoforge
[228月2026 17:48:35.733] [modloading-worker-0/DEBUG] [net.neoforged.fml.javafmlmod.AutomaticEventSubscriber/]: Subscribing @EventBusSubscriber class Lcom/twi/restraint_dungeon/event/mod_event/pleasant/increase_event/PleasantRidingHandler; to the game event bus
[228月2026 17:48:35.737] [modloading-worker-0/DEBUG] [net.neoforged.fml.javafmlmod.AutomaticEventSubscriber/LOADING]: Scanning class com.twi.restraint_dungeon.event.mod_event.pleasant.increase_event.PleasantSprintingHandler for @SubscribeEvent-annotated methods
[228月2026 17:48:35.746] [modloading-worker-0/DEBUG] [net.neoforged.fml.javafmlmod.AutomaticEventSubscriber/]: Subscribing @EventBusSubscriber class Lcom/twi/restraint_dungeon/event/mod_event/pleasant/increase_event/PleasantSprintingHandler; to the game event bus
[228月2026 17:48:35.756] [modloading-worker-0/DEBUG] [net.neoforged.fml.javafmlmod.AutomaticEventSubscriber/LOADING]: Scanning class com.twi.restraint_dungeon.event.mod_event.pleasant.increase_event.PleasantStandingBlockHandler for @SubscribeEvent-annotated methods
[228月2026 17:48:35.757] [modloading-worker-0/DEBUG] [net.neoforged.fml.javafmlmod.AutomaticEventSubscriber/]: Subscribing @EventBusSubscriber class Lcom/twi/restraint_dungeon/event/mod_event/pleasant/increase_event/PleasantStandingBlockHandler; to the game event bus
[228月2026 17:48:35.764] [modloading-worker-0/DEBUG] [net.neoforged.fml.javafmlmod.AutomaticEventSubscriber/LOADING]: Scanning class com.twi.restraint_dungeon.event.mod_event.pleasant.increase_event.PleasantStrugglingHandler for @SubscribeEvent-annotated methods
[228月2026 17:48:35.770] [modloading-worker-0/DEBUG] [net.neoforged.fml.javafmlmod.AutomaticEventSubscriber/]: Subscribing @EventBusSubscriber class Lcom/twi/restraint_dungeon/event/mod_event/pleasant/increase_event/PleasantStrugglingHandler; to the game event bus
[228月2026 17:48:35.772] [modloading-worker-0/DEBUG] [net.neoforged.fml.javafmlmod.AutomaticEventSubscriber/LOADING]: Scanning class com.twi.restraint_dungeon.event.mod_event.pleasant.increase_event.PleasantSwimmingHandler for @SubscribeEvent-annotated methods
[228月2026 17:48:35.772] [modloading-worker-0/DEBUG] [net.neoforged.fml.javafmlmod.AutomaticEventSubscriber/LOADING]: Scanning class net.neoforged.neoforge.network.NetworkInitialization for @SubscribeEvent-annotated methods
[228月2026 17:48:35.774] [modloading-worker-0/DEBUG] [net.neoforged.fml.javafmlmod.AutomaticEventSubscriber/]: Subscribing @EventBusSubscriber class Lcom/twi/restraint_dungeon/event/mod_event/pleasant/increase_event/PleasantSwimmingHandler; to the game event bus
[228月2026 17:48:35.774] [modloading-worker-0/DEBUG] [net.neoforged.fml.javafmlmod.AutomaticEventSubscriber/LOADING]: Scanning class com.twi.restraint_dungeon.event.mod_event.pleasant.PleasantEvent for @SubscribeEvent-annotated methods
[228月2026 17:48:35.775] [modloading-worker-0/DEBUG] [net.neoforged.fml.javafmlmod.AutomaticEventSubscriber/]: Subscribing @EventBusSubscriber class Lnet/neoforged/neoforge/network/NetworkInitialization; to the mod event bus of mod neoforge
[228月2026 17:48:35.776] [modloading-worker-0/DEBUG] [net.neoforged.fml.javafmlmod.AutomaticEventSubscriber/LOADING]: Scanning class net.neoforged.neoforge.network.ConfigurationInitialization for @SubscribeEvent-annotated methods
[228月2026 17:48:35.777] [modloading-worker-0/DEBUG] [net.neoforged.fml.javafmlmod.AutomaticEventSubscriber/]: Subscribing @EventBusSubscriber class Lcom/twi/restraint_dungeon/event/mod_event/pleasant/PleasantEvent; to the game event bus
[228月2026 17:48:35.787] [modloading-worker-0/DEBUG] [net.neoforged.fml.javafmlmod.AutomaticEventSubscriber/LOADING]: Scanning class com.twi.restraint_dungeon.event.mod_event.release.PlayerReleaseServerEvent for @SubscribeEvent-annotated methods
[228月2026 17:48:35.796] [modloading-worker-0/DEBUG] [net.neoforged.fml.javafmlmod.AutomaticEventSubscriber/]: Subscribing @EventBusSubscriber class Lcom/twi/restraint_dungeon/event/mod_event/release/PlayerReleaseServerEvent; to the game event bus
[228月2026 17:48:35.802] [modloading-worker-0/DEBUG] [net.neoforged.fml.javafmlmod.AutomaticEventSubscriber/]: Subscribing @EventBusSubscriber class Lnet/neoforged/neoforge/network/ConfigurationInitialization; to the mod event bus of mod neoforge
[228月2026 17:48:35.798] [modloading-worker-0/DEBUG] [net.neoforged.fml.javafmlmod.AutomaticEventSubscriber/LOADING]: Scanning class com.twi.restraint_dungeon.event.mod_event.restraint.RestraintEvent for @SubscribeEvent-annotated methods
[228月2026 17:48:35.804] [modloading-worker-0/DEBUG] [net.neoforged.fml.javafmlmod.AutomaticEventSubscriber/LOADING]: Scanning class net.neoforged.neoforge.common.MonsterRoomHooks for @SubscribeEvent-annotated methods
[228月2026 17:48:35.810] [modloading-worker-0/DEBUG] [net.neoforged.fml.javafmlmod.AutomaticEventSubscriber/]: Subscribing @EventBusSubscriber class Lnet/neoforged/neoforge/common/MonsterRoomHooks; to the game event bus
[228月2026 17:48:35.825] [modloading-worker-0/DEBUG] [net.neoforged.fml.javafmlmod.AutomaticEventSubscriber/LOADING]: Scanning class net.neoforged.neoforge.common.DeferredSpawnEggItem$CommonHandler for @SubscribeEvent-annotated methods
[228月2026 17:48:35.837] [modloading-worker-0/DEBUG] [net.neoforged.fml.javafmlmod.AutomaticEventSubscriber/]: Subscribing @EventBusSubscriber class Lcom/twi/restraint_dungeon/event/mod_event/restraint/RestraintEvent; to the game event bus
[228月2026 17:48:35.840] [modloading-worker-0/DEBUG] [net.neoforged.fml.javafmlmod.AutomaticEventSubscriber/]: Subscribing @EventBusSubscriber class Lnet/neoforged/neoforge/common/DeferredSpawnEggItem$CommonHandler; to the mod event bus of mod neoforge
[228月2026 17:48:35.841] [modloading-worker-0/DEBUG] [net.neoforged.fml.javafmlmod.AutomaticEventSubscriber/LOADING]: Scanning class net.neoforged.neoforge.attachment.AttachmentSync for @SubscribeEvent-annotated methods
[228月2026 17:48:35.907] [modloading-worker-0/DEBUG] [net.neoforged.fml.javafmlmod.AutomaticEventSubscriber/]: Subscribing @EventBusSubscriber class Lnet/neoforged/neoforge/attachment/AttachmentSync; to the game event bus
[228月2026 17:48:35.909] [modloading-worker-0/DEBUG] [net.neoforged.fml.javafmlmod.AutomaticEventSubscriber/LOADING]: Scanning class net.neoforged.neoforge.attachment.AttachmentInternals for @SubscribeEvent-annotated methods
[228月2026 17:48:35.911] [modloading-worker-0/DEBUG] [net.neoforged.fml.javafmlmod.AutomaticEventSubscriber/]: Subscribing @EventBusSubscriber class Lnet/neoforged/neoforge/attachment/AttachmentInternals; to the game event bus
[228月2026 17:48:35.929] [modloading-worker-0/DEBUG] [net.neoforged.fml.javafmlmod.AutomaticEventSubscriber/LOADING]: Scanning class com.twi.restraint_dungeon.event.mod_event.restraint.restraint_interact.interact_event.ContainerInteractEvent for @SubscribeEvent-annotated methods
[228月2026 17:48:35.935] [modloading-worker-0/DEBUG] [net.neoforged.fml.javafmlmod.AutomaticEventSubscriber/]: Subscribing @EventBusSubscriber class Lcom/twi/restraint_dungeon/event/mod_event/restraint/restraint_interact/interact_event/ContainerInteractEvent; to the game event bus
[228月2026 17:48:35.937] [modloading-worker-0/DEBUG] [net.neoforged.fml.javafmlmod.AutomaticEventSubscriber/LOADING]: Scanning class com.twi.restraint_dungeon.event.mod_event.restraint.restraint_interact.interact_event.LecternInteractEvent for @SubscribeEvent-annotated methods
[228月2026 17:48:35.942] [modloading-worker-0/DEBUG] [net.neoforged.fml.javafmlmod.AutomaticEventSubscriber/]: Subscribing @EventBusSubscriber class Lcom/twi/restraint_dungeon/event/mod_event/restraint/restraint_interact/interact_event/LecternInteractEvent; to the game event bus
[228月2026 17:48:35.943] [modloading-worker-0/DEBUG] [net.neoforged.fml.javafmlmod.AutomaticEventSubscriber/LOADING]: Scanning class com.twi.restraint_dungeon.event.mod_event.restraint.restraint_interact.interact_event.RedstoneInteractEvent for @SubscribeEvent-annotated methods
[228月2026 17:48:35.946] [modloading-worker-0/DEBUG] [net.neoforged.fml.javafmlmod.AutomaticEventSubscriber/]: Subscribing @EventBusSubscriber class Lcom/twi/restraint_dungeon/event/mod_event/restraint/restraint_interact/interact_event/RedstoneInteractEvent; to the game event bus
[228月2026 17:48:35.947] [modloading-worker-0/DEBUG] [net.neoforged.fml.javafmlmod.AutomaticEventSubscriber/LOADING]: Scanning class com.twi.restraint_dungeon.event.mod_event.restraint.restraint_interact.interact_event.SwordInsertEvent for @SubscribeEvent-annotated methods
[228月2026 17:48:35.951] [modloading-worker-0/DEBUG] [net.neoforged.fml.javafmlmod.AutomaticEventSubscriber/]: Subscribing @EventBusSubscriber class Lcom/twi/restraint_dungeon/event/mod_event/restraint/restraint_interact/interact_event/SwordInsertEvent; to the game event bus
[228月2026 17:48:35.957] [modloading-worker-0/DEBUG] [net.neoforged.fml.javafmlmod.AutomaticEventSubscriber/LOADING]: Scanning class com.twi.restraint_dungeon.event.mod_event.restraint.restraint_interact.interact_event.SwordTakeEvent for @SubscribeEvent-annotated methods
[228月2026 17:48:35.960] [modloading-worker-0/DEBUG] [net.neoforged.fml.javafmlmod.AutomaticEventSubscriber/]: Subscribing @EventBusSubscriber class Lcom/twi/restraint_dungeon/event/mod_event/restraint/restraint_interact/interact_event/SwordTakeEvent; to the game event bus
[228月2026 17:48:35.962] [modloading-worker-0/DEBUG] [net.neoforged.fml.javafmlmod.AutomaticEventSubscriber/LOADING]: Scanning class com.twi.restraint_dungeon.event.mod_event.restraint.restraint_interact.manager.InteractHandlerRegisterEvent for @SubscribeEvent-annotated methods
[228月2026 17:48:35.964] [modloading-worker-0/DEBUG] [net.neoforged.fml.javafmlmod.AutomaticEventSubscriber/]: Subscribing @EventBusSubscriber class Lcom/twi/restraint_dungeon/event/mod_event/restraint/restraint_interact/manager/InteractHandlerRegisterEvent; to the mod event bus of mod restraint_dungeon
[228月2026 17:48:35.965] [modloading-worker-0/DEBUG] [net.neoforged.fml.javafmlmod.AutomaticEventSubscriber/LOADING]: Scanning class com.twi.restraint_dungeon.event.mod_event.restraint.restraint_interact.manager.InteractingProgressManager for @SubscribeEvent-annotated methods
[228月2026 17:48:35.975] [modloading-worker-0/DEBUG] [net.neoforged.fml.javafmlmod.AutomaticEventSubscriber/]: Subscribing @EventBusSubscriber class Lcom/twi/restraint_dungeon/event/mod_event/restraint/restraint_interact/manager/InteractingProgressManager; to the game event bus
[228月2026 17:48:35.979] [modloading-worker-0/DEBUG] [net.neoforged.fml.javafmlmod.AutomaticEventSubscriber/LOADING]: Scanning class com.twi.restraint_dungeon.event.mod_event.restraint.restraint_move.ModRestraintMove for @SubscribeEvent-annotated methods
[228月2026 17:48:35.993] [modloading-worker-0/DEBUG] [net.neoforged.fml.javafmlmod.AutomaticEventSubscriber/]: Subscribing @EventBusSubscriber class Lcom/twi/restraint_dungeon/event/mod_event/restraint/restraint_move/ModRestraintMove; to the mod event bus of mod restraint_dungeon
[228月2026 17:48:35.994] [modloading-worker-0/DEBUG] [net.neoforged.fml.javafmlmod.AutomaticEventSubscriber/LOADING]: Scanning class com.twi.restraint_dungeon.event.mod_event.restraint.restraint_move.RestraintMoveManager for @SubscribeEvent-annotated methods
[228月2026 17:48:35.999] [modloading-worker-0/DEBUG] [net.neoforged.fml.javafmlmod.AutomaticEventSubscriber/]: Subscribing @EventBusSubscriber class Lcom/twi/restraint_dungeon/event/mod_event/restraint/restraint_move/RestraintMoveManager; to the game event bus
[228月2026 17:48:36.002] [modloading-worker-0/DEBUG] [net.neoforged.fml.javafmlmod.AutomaticEventSubscriber/LOADING]: Scanning class com.twi.restraint_dungeon.event.mod_event.restraint.restraint_position.RestraintServerHandler for @SubscribeEvent-annotated methods
[228月2026 17:48:36.015] [modloading-worker-0/DEBUG] [net.neoforged.fml.javafmlmod.AutomaticEventSubscriber/]: Subscribing @EventBusSubscriber class Lcom/twi/restraint_dungeon/event/mod_event/restraint/restraint_position/RestraintServerHandler; to the game event bus
[228月2026 17:48:36.016] [modloading-worker-0/DEBUG] [net.neoforged.fml.javafmlmod.AutomaticEventSubscriber/LOADING]: Scanning class com.twi.restraint_dungeon.event.mod_event.restraint_item.bell_collar.RestraintBellSoundEvent for @SubscribeEvent-annotated methods
[228月2026 17:48:36.017] [modloading-worker-0/DEBUG] [net.neoforged.fml.javafmlmod.AutomaticEventSubscriber/]: Subscribing @EventBusSubscriber class Lcom/twi/restraint_dungeon/event/mod_event/restraint_item/bell_collar/RestraintBellSoundEvent; to the game event bus
[228月2026 17:48:36.019] [modloading-worker-0/DEBUG] [net.neoforged.fml.javafmlmod.AutomaticEventSubscriber/LOADING]: Scanning class com.twi.restraint_dungeon.event.mod_event.restraint_item.slime.DispenseCutLatexEvent for @SubscribeEvent-annotated methods
[228月2026 17:48:36.023] [modloading-worker-0/DEBUG] [net.neoforged.fml.javafmlmod.AutomaticEventSubscriber/]: Subscribing @EventBusSubscriber class Lcom/twi/restraint_dungeon/event/mod_event/restraint_item/slime/DispenseCutLatexEvent; to the mod event bus of mod restraint_dungeon
[228月2026 17:48:36.023] [modloading-worker-0/DEBUG] [net.neoforged.fml.javafmlmod.AutomaticEventSubscriber/LOADING]: Scanning class com.twi.restraint_dungeon.event.mod_event.restraint_item.slime.LatexEvent for @SubscribeEvent-annotated methods
[228月2026 17:48:36.025] [modloading-worker-0/DEBUG] [net.neoforged.fml.javafmlmod.AutomaticEventSubscriber/]: Subscribing @EventBusSubscriber class Lcom/twi/restraint_dungeon/event/mod_event/restraint_item/slime/LatexEvent; to the game event bus
[228月2026 17:48:36.026] [modloading-worker-0/DEBUG] [net.neoforged.fml.javafmlmod.AutomaticEventSubscriber/LOADING]: Scanning class com.twi.restraint_dungeon.event.mod_event.restraint_item.slime.SlimeEvent for @SubscribeEvent-annotated methods
[228月2026 17:48:36.027] [modloading-worker-0/DEBUG] [net.neoforged.fml.javafmlmod.AutomaticEventSubscriber/]: Subscribing @EventBusSubscriber class Lcom/twi/restraint_dungeon/event/mod_event/restraint_item/slime/SlimeEvent; to the game event bus
[228月2026 17:48:36.029] [modloading-worker-0/DEBUG] [net.neoforged.fml.javafmlmod.AutomaticEventSubscriber/LOADING]: Scanning class com.twi.restraint_dungeon.event.mod_event.self_bondage.SelfBondageServerEvent for @SubscribeEvent-annotated methods
[228月2026 17:48:36.031] [modloading-worker-0/DEBUG] [net.neoforged.fml.javafmlmod.AutomaticEventSubscriber/]: Subscribing @EventBusSubscriber class Lcom/twi/restraint_dungeon/event/mod_event/self_bondage/SelfBondageServerEvent; to the game event bus
[228月2026 17:48:36.035] [modloading-worker-0/DEBUG] [net.neoforged.fml.javafmlmod.AutomaticEventSubscriber/LOADING]: Scanning class com.twi.restraint_dungeon.event.mod_event.struggle.PlayerStruggleEvent for @SubscribeEvent-annotated methods
[228月2026 17:48:36.038] [modloading-worker-0/DEBUG] [net.neoforged.fml.javafmlmod.AutomaticEventSubscriber/]: Subscribing @EventBusSubscriber class Lcom/twi/restraint_dungeon/event/mod_event/struggle/PlayerStruggleEvent; to the game event bus
[228月2026 17:48:36.043] [modloading-worker-0/DEBUG] [net.neoforged.fml.javafmlmod.AutomaticEventSubscriber/LOADING]: Scanning class com.twi.restraint_dungeon.event.system_handler_event.LivingEntityServerTaskScheduler for @SubscribeEvent-annotated methods
[228月2026 17:48:36.047] [modloading-worker-0/DEBUG] [net.neoforged.fml.javafmlmod.AutomaticEventSubscriber/]: Subscribing @EventBusSubscriber class Lcom/twi/restraint_dungeon/event/system_handler_event/LivingEntityServerTaskScheduler; to the game event bus
[228月2026 17:48:36.048] [modloading-worker-0/DEBUG] [net.neoforged.fml.javafmlmod.AutomaticEventSubscriber/LOADING]: Scanning class com.twi.restraint_dungeon.event.system_handler_event.RestraintItemSystemHandler for @SubscribeEvent-annotated methods
[228月2026 17:48:36.069] [modloading-worker-0/DEBUG] [net.neoforged.fml.javafmlmod.AutomaticEventSubscriber/]: Subscribing @EventBusSubscriber class Lcom/twi/restraint_dungeon/event/system_handler_event/RestraintItemSystemHandler; to the game event bus
[228月2026 17:48:36.078] [modloading-worker-0/DEBUG] [net.neoforged.fml.javafmlmod.AutomaticEventSubscriber/LOADING]: Scanning class com.twi.restraint_dungeon.network.ModPayLoad for @SubscribeEvent-annotated methods
[228月2026 17:48:36.082] [modloading-worker-0/DEBUG] [net.neoforged.fml.javafmlmod.AutomaticEventSubscriber/]: Subscribing @EventBusSubscriber class Lcom/twi/restraint_dungeon/network/ModPayLoad; to the mod event bus of mod restraint_dungeon
[228月2026 17:48:36.083] [modloading-worker-0/DEBUG] [net.neoforged.fml.javafmlmod.AutomaticEventSubscriber/LOADING]: Scanning class com.twi.restraint_dungeon.utils.datagen.DataGenerators for @SubscribeEvent-annotated methods
[228月2026 17:48:36.086] [modloading-worker-0/DEBUG] [net.neoforged.fml.javafmlmod.AutomaticEventSubscriber/]: Subscribing @EventBusSubscriber class Lcom/twi/restraint_dungeon/utils/datagen/DataGenerators; to the mod event bus of mod restraint_dungeon
[228月2026 17:48:41.358] [modloading-sync-worker/DEBUG] [mixin/]: Mixing CanItemPerformAbilityAccess from jade.mixins.json into net.neoforged.neoforge.common.loot.CanItemPerformAbility
[228月2026 17:48:41.364] [modloading-sync-worker/DEBUG] [mixin/]: jade.mixins.json:CanItemPerformAbilityAccess from mod jade: Class version 65 required is higher than the class version supported by the current version of Mixin (JAVA_16 supports class version 60)
[228月2026 17:48:42.137] [modloading-sync-worker/DEBUG] [net.neoforged.fml.config.ConfigTracker/CONFIG]: Loading configs type COMMON
[228月2026 17:48:42.177] [modloading-sync-worker/DEBUG] [net.neoforged.neoforge.common.NeoForgeConfig/FORGEMOD]: Loaded NeoForge config file neoforge-common.toml
[228月2026 17:48:42.178] [modloading-sync-worker/DEBUG] [net.neoforged.fml.config.ConfigTracker/CONFIG]: Loaded TOML config file D:\Develop\idea_project\RestraintDungeon\run\config\neoforge-common.toml
[228月2026 17:48:42.215] [modloading-sync-worker/DEBUG] [net.neoforged.fml.config.ConfigTracker/CONFIG]: Watching TOML config file D:\Develop\idea_project\RestraintDungeon\run\config\neoforge-common.toml for changes
[228月2026 17:48:42.235] [modloading-sync-worker/DEBUG] [net.neoforged.fml.DeferredWorkQueue/LOADING]: Dispatching synchronous work for work queue Common setup: 4 jobs
[228月2026 17:48:42.273] [modloading-sync-worker/DEBUG] [net.neoforged.fml.DeferredWorkQueue/LOADING]: Synchronous work queue completed in 32.64 ms
[228月2026 17:48:42.610] [modloading-worker-0/INFO] [snownee.jade.Jade/]: Start loading plugin from snownee.jade.addon.vanilla.VanillaPlugin
[228月2026 17:48:42.997] [modloading-worker-0/INFO] [snownee.jade.Jade/]: Loaded plugin from snownee.jade.addon.vanilla.VanillaPlugin in 375.3 ms
[228月2026 17:48:43.000] [modloading-worker-0/INFO] [snownee.jade.Jade/]: Start loading plugin from snownee.jade.addon.universal.UniversalPlugin
[228月2026 17:48:43.070] [modloading-worker-0/INFO] [snownee.jade.Jade/]: Loaded plugin from snownee.jade.addon.universal.UniversalPlugin in 45.17 ms
[228月2026 17:48:43.071] [modloading-worker-0/INFO] [snownee.jade.Jade/]: Start loading plugin from snownee.jade.addon.debug.DebugPlugin
[228月2026 17:48:43.074] [modloading-worker-0/INFO] [snownee.jade.Jade/]: Loaded plugin from snownee.jade.addon.debug.DebugPlugin in 25.20 μs
[228月2026 17:48:43.075] [modloading-worker-0/INFO] [snownee.jade.Jade/]: Start loading plugin from snownee.jade.addon.core.CorePlugin
[228月2026 17:48:43.078] [modloading-worker-0/INFO] [snownee.jade.Jade/]: Loaded plugin from snownee.jade.addon.core.CorePlugin in 126.0 μs
[228月2026 17:48:43.079] [modloading-worker-0/INFO] [snownee.jade.Jade/]: Start loading plugin from snownee.jade.addon.access.AccessibilityPlugin
[228月2026 17:48:43.086] [modloading-worker-0/INFO] [snownee.jade.Jade/]: Loaded plugin from snownee.jade.addon.access.AccessibilityPlugin in 24.70 μs
[228月2026 17:48:43.087] [modloading-worker-0/INFO] [snownee.jade.Jade/]: Start loading plugin from com.twi.restraint_dungeon.compat.jade.ModPlugin
[228月2026 17:48:43.094] [modloading-worker-0/INFO] [snownee.jade.Jade/]: Loaded plugin from com.twi.restraint_dungeon.compat.jade.ModPlugin in 2.686 ms
[228月2026 17:48:43.849] [main/INFO] [com.mojang.authlib.yggdrasil.YggdrasilAuthenticationService/]: Environment: Environment[sessionHost=https://sessionserver.mojang.com, servicesHost=https://api.minecraftservices.com, name=PROD]
[228月2026 17:48:44.897] [main/WARN] [net.minecraft.server.packs.VanillaPackResourcesBuilder/]: Assets URL 'union:/D:/Develop/idea_project/RestraintDungeon/build/moddev/artifacts/neoforge-21.1.233.jar%23125!/assets/.mcassetsroot' uses unexpected schema
[228月2026 17:48:44.899] [main/WARN] [net.minecraft.server.packs.VanillaPackResourcesBuilder/]: Assets URL 'union:/D:/Develop/idea_project/RestraintDungeon/build/moddev/artifacts/neoforge-21.1.233.jar%23125!/data/.mcassetsroot' uses unexpected schema
[228月2026 17:48:52.165] [main/INFO] [net.minecraft.world.item.crafting.RecipeManager/]: Loaded 1360 recipes
[228月2026 17:48:53.129] [main/INFO] [net.minecraft.advancements.AdvancementTree/]: Loaded 1469 advancements
[228月2026 17:48:54.414] [main/DEBUG] [net.neoforged.neoforge.common.CommonHooks/WP]: Gathered mod list to write to world save world
[228月2026 17:48:54.454] [main/DEBUG] [mixin/]: Mixing MixinSendChatMessage from restraint_dungeon.mixins.json into net.minecraft.server.players.PlayerList
[228月2026 17:48:54.559] [main/DEBUG] [mixin/]: restraint_dungeon.mixins.json:MixinSendChatMessage from mod restraint_dungeon->@Inject::onBroadcastChatMessage(Lnet/minecraft/network/chat/PlayerChatMessage;Lnet/minecraft/server/level/ServerPlayer;Lnet/minecraft/network/chat/ChatType$Bound;Lorg/spongepowered/asm/mixin/injection/callback/CallbackInfo;)V does use it's CallbackInfo
[228月2026 17:48:54.637] [Server thread/INFO] [net.minecraft.server.dedicated.DedicatedServer/]: Starting minecraft server version 1.21.1
[228月2026 17:48:54.638] [Server thread/INFO] [net.minecraft.server.dedicated.DedicatedServer/]: Loading properties
[228月2026 17:48:54.638] [Server thread/INFO] [net.minecraft.server.dedicated.DedicatedServer/]: Default game type: SURVIVAL
[228月2026 17:48:54.638] [Server thread/INFO] [net.minecraft.server.MinecraftServer/]: Generating keypair
[228月2026 17:48:54.932] [Server thread/INFO] [net.minecraft.server.dedicated.DedicatedServer/]: Starting Minecraft server on *:25565
[228月2026 17:48:54.933] [Server thread/DEBUG] [net.neoforged.neoforge.network.DualStackUtils/]: Detected IPv6 address: "0:0:0:0:0:0:0:0"
[228月2026 17:48:55.056] [Server thread/DEBUG] [io.netty.channel.MultithreadEventLoopGroup/]: -Dio.netty.eventLoopThreads: 32
[228月2026 17:48:55.080] [Server thread/DEBUG] [io.netty.util.concurrent.GlobalEventExecutor/]: -Dio.netty.globalEventExecutor.quietPeriodSeconds: 1
[228月2026 17:48:55.096] [Server thread/DEBUG] [io.netty.channel.nio.NioEventLoop/]: -Dio.netty.noKeySetOptimization: false
[228月2026 17:48:55.096] [Server thread/DEBUG] [io.netty.channel.nio.NioEventLoop/]: -Dio.netty.selectorAutoRebuildThreshold: 512
[228月2026 17:48:55.108] [Server thread/DEBUG] [io.netty.util.internal.PlatformDependent/]: org.jctools-core.MpscChunkedArrayQueue: available
[228月2026 17:48:55.980] [Server thread/INFO] [net.minecraft.server.network.ServerConnectionListener/]: Using default channel type
[228月2026 17:48:56.206] [Server thread/DEBUG] [io.netty.channel.DefaultChannelId/]: -Dio.netty.processId: 21644 (auto-detected)
[228月2026 17:48:56.209] [Server thread/DEBUG] [io.netty.util.NetUtil/]: -Djava.net.preferIPv4Stack: false
[228月2026 17:48:56.211] [Server thread/DEBUG] [io.netty.util.NetUtil/]: -Djava.net.preferIPv6Addresses: true
[228月2026 17:48:56.219] [Server thread/DEBUG] [io.netty.util.NetUtilInitializations/]: Loopback interface: loopback_0 (Software Loopback Interface 1, 0:0:0:0:0:0:0:1)
[228月2026 17:48:56.220] [Server thread/DEBUG] [io.netty.util.NetUtil/]: Failed to get SOMAXCONN from sysctl and file \proc\sys\net\core\somaxconn. Default: 200
[228月2026 17:48:56.222] [Server thread/DEBUG] [io.netty.channel.DefaultChannelId/]: -Dio.netty.machineId: 00:50:56:ff:fe:c0:00:01 (auto-detected)
[228月2026 17:48:56.274] [Server thread/WARN] [net.minecraft.server.dedicated.DedicatedServer/]: **** SERVER IS RUNNING IN OFFLINE/INSECURE MODE!
[228月2026 17:48:56.275] [Server thread/WARN] [net.minecraft.server.dedicated.DedicatedServer/]: The server will make no attempt to authenticate usernames. Beware.
[228月2026 17:48:56.275] [Server thread/WARN] [net.minecraft.server.dedicated.DedicatedServer/]: While this makes the game possible to play without internet access, it also opens up the ability for hackers to connect with any username they choose.
[228月2026 17:48:56.275] [Server thread/WARN] [net.minecraft.server.dedicated.DedicatedServer/]: To change this, set "online-mode" to "true" in the server.properties file.
[228月2026 17:48:56.308] [Server thread/DEBUG] [net.neoforged.fml.config.ConfigTracker/CONFIG]: Loading configs type SERVER
[228月2026 17:48:56.312] [Server thread/DEBUG] [net.neoforged.neoforge.common.NeoForgeConfig/FORGEMOD]: Loaded NeoForge config file neoforge-server.toml
[228月2026 17:48:56.313] [Server thread/DEBUG] [net.neoforged.fml.config.ConfigTracker/CONFIG]: Loaded TOML config file D:\Develop\idea_project\RestraintDungeon\run\config\neoforge-server.toml
[228月2026 17:48:56.314] [Server thread/DEBUG] [net.neoforged.fml.config.ConfigTracker/CONFIG]: Watching TOML config file D:\Develop\idea_project\RestraintDungeon\run\config\neoforge-server.toml for changes
[228月2026 17:48:56.425] [Server thread/INFO] [net.minecraft.server.dedicated.DedicatedServer/]: Preparing level "world"
[228月2026 17:49:03.941] [Server thread/INFO] [net.minecraft.server.MinecraftServer/]: Preparing start region for dimension minecraft:overworld
[228月2026 17:49:05.031] [worldgen/INFO] [net.minecraft.server.level.progress.LoggerChunkProgressListener/]: Preparing spawn area: 0%
[228月2026 17:49:05.032] [worldgen/INFO] [net.minecraft.server.level.progress.LoggerChunkProgressListener/]: Preparing spawn area: 0%
[228月2026 17:49:05.037] [worldgen/INFO] [net.minecraft.server.level.progress.LoggerChunkProgressListener/]: Preparing spawn area: 0%
[228月2026 17:49:05.444] [worldgen/INFO] [net.minecraft.server.level.progress.LoggerChunkProgressListener/]: Preparing spawn area: 77%
[228月2026 17:49:05.694] [Server thread/INFO] [net.minecraft.server.level.progress.LoggerChunkProgressListener/]: Time elapsed: 1753 ms
[228月2026 17:49:05.695] [Server thread/INFO] [net.minecraft.server.dedicated.DedicatedServer/]: Done (9.389s)! For help, type "help"
[228月2026 17:49:05.707] [Server thread/DEBUG] [net.neoforged.neoforge.network.DualStackUtils/]: Detected IPv6 address: "0:0:0:0:0:0:0:0"
[228月2026 17:49:05.758] [Server thread/DEBUG] [net.neoforged.neoforge.server.LanguageHook/]: Loaded 5 language files for en_us
[228月2026 17:49:05.769] [Server thread/INFO] [net.neoforged.neoforge.gametest.GameTestHooks/]: Enabled Gametest Namespaces: [restraint_dungeon]
[228月2026 17:49:05.778] [Server thread/INFO] [net.neoforged.neoforge.server.permission.PermissionAPI/]: Successfully initialized permission handler neoforge:default_handler
[228月2026 17:49:12.091] [Netty Server IO #2/DEBUG] [io.netty.util.Recycler/]: -Dio.netty.recycler.maxCapacityPerThread: 4096
[228月2026 17:49:12.092] [Netty Server IO #2/DEBUG] [io.netty.util.Recycler/]: -Dio.netty.recycler.ratio: 8
[228月2026 17:49:12.093] [Netty Server IO #2/DEBUG] [io.netty.util.Recycler/]: -Dio.netty.recycler.chunkSize: 32
[228月2026 17:49:12.094] [Netty Server IO #2/DEBUG] [io.netty.util.Recycler/]: -Dio.netty.recycler.blocking: false
[228月2026 17:49:12.094] [Netty Server IO #2/DEBUG] [io.netty.util.Recycler/]: -Dio.netty.recycler.batchFastThreadLocalOnly: true
[228月2026 17:49:12.472] [Netty Server IO #1/DEBUG] [net.neoforged.neoforge.network.filters.NetworkFilters/]: Injected net.neoforged.neoforge.network.filters.GenericPacketSplitter@702da48e into net.minecraft.network.Connection@471b792a
[228月2026 17:49:14.205] [Netty Server IO #1/DEBUG] [net.neoforged.neoforge.network.filters.NetworkFilters/]: Injected net.neoforged.neoforge.network.filters.GenericPacketSplitter@1f8d79ff into net.minecraft.network.Connection@471b792a
[228月2026 17:49:14.338] [Server thread/INFO] [net.minecraft.server.players.PlayerList/]: Thalia_April[/127.0.0.1:53676] logged in with entity id 68 at (-19.692290900018843, 64.0, 109.85686857322395)
[228月2026 17:49:14.447] [Server thread/INFO] [net.minecraft.server.MinecraftServer/]: Thalia_April joined the game
[228月2026 17:49:14.620] [Server thread/DEBUG] [snownee.jade.Jade/]: Syncing config to Thalia_April (2debe4aa-3f7d-3e4b-875f-8b8bc66b5a39)
[228月2026 17:49:16.302] [Server thread/WARN] [net.minecraft.server.MinecraftServer/]: Can't keep up! Is the server overloaded? Running 2119ms or 42 ticks behind
[228月2026 17:49:39.966] [Netty Server IO #4/DEBUG] [net.neoforged.neoforge.network.filters.NetworkFilters/]: Injected net.neoforged.neoforge.network.filters.GenericPacketSplitter@4eab8b1d into net.minecraft.network.Connection@ba90cac
[228月2026 17:49:41.393] [Netty Server IO #4/DEBUG] [net.neoforged.neoforge.network.filters.NetworkFilters/]: Injected net.neoforged.neoforge.network.filters.GenericPacketSplitter@2dbddf3e into net.minecraft.network.Connection@ba90cac
[228月2026 17:49:41.414] [Server thread/INFO] [net.minecraft.server.players.PlayerList/]: test[/127.0.0.1:56630] logged in with entity id 253 at (-20.5, 64.0, 109.5)
[228月2026 17:49:41.432] [Server thread/INFO] [net.minecraft.server.MinecraftServer/]: test joined the game
[228月2026 17:49:41.466] [Server thread/DEBUG] [snownee.jade.Jade/]: Syncing config to test (530fa97a-357f-3c19-94d3-0c5c65c18fe8)
[228月2026 17:50:33.647] [Server thread/INFO] [net.minecraft.server.network.ServerGamePacketListenerImpl/]: Thalia_April lost connection: Disconnected
[228月2026 17:50:33.648] [Server thread/INFO] [net.minecraft.server.MinecraftServer/]: Thalia_April left the game
[228月2026 17:50:34.395] [Server thread/INFO] [net.minecraft.server.network.ServerGamePacketListenerImpl/]: test lost connection: Disconnected
[228月2026 17:50:34.395] [Server thread/INFO] [net.minecraft.server.MinecraftServer/]: test left the game
